date,1992,1993,1994,1995,1996,1997,1998,1999,2000,2001,2002,2003,2004,2005,2006,2007,2008,2009,2010,2011,2012,2013,2014,2015,2016,2017,2018,2019,2020,2021,2022,2023,2024
1-Oct,0,0,0,0,0.142857143,0.057142857,0,0,0,0,0,0.025,0,0,0,0.122222222,0,0,0,0,0,0,0.027272727,0.045454546,0,0,0.181818182,0,0,0,0,0,0
2-Oct,0,0,0,0,0.1,0.014285714,0,0.242857143,0,0,0,0.075,0,0,0,0.122222222,0,0,0,0,0,0,0,0.072727273,0,0,0.227272727,0,0,0,0,0.054545455,0
3-Oct,0,0,0,0,0.085714286,0,0,0.185714286,0,0,0,0.075,0,0,0,0.111111111,0,0,0,0,0,0,0,0.054545455,0,0,0.318181818,0,0,0,0,0.072727273,0.027272727
4-Oct,0,0,0,0,0.071428571,0.014285714,0,0.342857143,0,0,0,0.0625,0,0.066666667,0,0.111111111,0,0,0.009090909,0,0.009090909,0,0,0.045454546,0,0,0.245454546,0,0,0,0,0.072727273,0.027272727
5-Oct,0,0,0,0,0.271428571,0,0,0.442857143,0,0.0375,0,0.075,0,0.055555556,0,0.111111111,0,0.018181818,0.027272727,0,0.036363636,0,0.036363636,0.027272727,0,0,0.2,0,0,0,0,0.036363636,0.018181818
6-Oct,0,0,0,0.216666667,0.285714286,0,0,0.457142857,0.028571429,0.025,0,0.075,0,0.122222222,0,0.111111111,0,0.018181818,0.1,0,0.027272727,0.009090909,0.036363636,0.027272727,0,0,0.2,0,0,0,0,0.036363636,0.018181818
7-Oct,0,0,0.016666667,0.25,0.3,0,0.028571429,0.485714286,0.085714286,0.025,0,0.075,0,0.122222222,0,0.066666667,0,0.018181818,0.1,0.018181818,0.3,0,0.045454546,0.018181818,0,0.063636364,0.190909091,0,0,0,0,0.009090909,0
8-Oct,0,0,0.083333333,0.383333333,0.242857143,0,0.114285714,0.485714286,0.2,0.0125,0,0.0375,0,0.088888889,0,0.044444444,0,0.018181818,0.118181818,0.036363636,0.472727273,0,0.054545455,0.009090909,0,0.036363636,0.181818182,0.127272727,0,0,0.045454546,0.009090909,0
9-Oct,0,0,0.083333333,0.433333333,0.2,0,0.1,0.442857143,0.085714286,0.0125,0.0125,0,0,0.088888889,0,0.322222222,0,0.009090909,0.218181818,0.009090909,0.790909091,0,0.054545455,0,0,0.036363636,0.181818182,0.172727273,0,0,0.063636364,0,0
10-Oct,0,0,0.3,0.416666667,0.214285714,0,0.085714286,0.371428571,0.085714286,0.0125,0.1375,0,0,0.088888889,0.711111111,0.644444444,0,0.009090909,0.181818182,0.009090909,0.790909091,0,0.054545455,0.254545455,0,0.036363636,0.563636364,0.318181818,0,0,0.072727273,0,0
11-Oct,0,0.066666667,0.366666667,0.35,0.2,0,0.028571429,0.314285714,0.085714286,0.0125,0.1375,0,0,0.088888889,0.944444444,0.866666667,0,0.009090909,0.163636364,0.018181818,0.709090909,0,0.281818182,0.245454546,0,0.027272727,0.445454546,0.5,0.063636364,0,0.063636364,0,0
12-Oct,0,0.033333333,0.316666667,0.333333333,0.2,0,0.1,0.257142857,0.085714286,0.0125,0.1625,0,0,0.088888889,0.933333333,0.788888889,0,0.072727273,0.145454546,0,0.681818182,0,0.254545455,0.190909091,0,0.054545455,0.4,0.8,0.036363636,0.018181818,0.072727273,0,0.081818182
13-Oct,0,0,0.316666667,0.333333333,0.257142857,0,0.414285714,0.228571429,0.071428571,0,0.325,0,0,0.1,0.911111111,0.677777778,0,0.018181818,0.190909091,0.054545455,0.581818182,0.1,0.254545455,0.509090909,0,0.054545455,0.290909091,0.709090909,0.036363636,0.009090909,0.263636364,0,0.209090909
14-Oct,0,0,0.3,0.35,0.257142857,0,0.357142857,0.257142857,0.071428571,0,0.3375,0,0,0.477777778,0.877777778,0.644444444,0.018181818,0.018181818,0.318181818,0.054545455,0.536363636,0.145454546,0.3,0.4,0,0.054545455,0.263636364,0.654545455,0.036363636,0,0.236363636,0,0.181818182
15-Oct,0,0,0.333333333,0.516666667,0.257142857,0,0.257142857,0.214285714,0.057142857,0,0.275,0,0,0.444444444,0.855555556,0.677777778,0.190909091,0.109090909,0.345454546,0.036363636,0.481818182,0.109090909,0.363636364,0.318181818,0,0.045454546,0.227272727,0.736363636,0.036363636,0,0.309090909,0,0.154545455
16-Oct,0,0.016666667,0.433333333,0.8,0.257142857,0,0.228571429,0.185714286,0.071428571,0,0.2375,0.025,0,0.355555556,0.777777778,0.633333333,0.172727273,0.081818182,0.3,0.027272727,0.409090909,0.054545455,0.527272727,0.263636364,0,0.027272727,0.227272727,0.772727273,0.036363636,0,0.3,0.009090909,0.145454546
17-Oct,0,0,0.466666667,1,0.257142857,0.271428571,0.228571429,0.185714286,0.228571429,0,0.2125,0,0,0.3,0.722222222,0.644444444,0.172727273,0.054545455,0.281818182,0.018181818,0.363636364,0.081818182,0.709090909,0.209090909,0,0.018181818,0.218181818,0.809090909,0.036363636,0,0.318181818,0.009090909,0.109090909
18-Oct,0,0,0.65,1.283333333,0.257142857,0.271428571,0.228571429,0.214285714,0.171428571,0.025,0.1875,0.025,0,0.244444444,0.677777778,0.822222222,0.336363636,0.054545455,0.281818182,0.018181818,0.381818182,0.072727273,0.745454546,0.181818182,0,0.018181818,0.218181818,0.836363636,0.054545455,0,0.263636364,0.009090909,0.072727273
19-Oct,0,0,0.633333333,1.333333333,0.257142857,0.257142857,0.214285714,0.214285714,0.542857143,0.025,0.175,0.0125,0,0.233333333,0.755555556,0.766666667,0.345454546,0.054545455,0.281818182,0.045454546,0.363636364,0.072727273,0.845454546,0.145454546,0,0.018181818,0.172727273,0.836363636,0.1,0,0.236363636,0.009090909,0.045454546
20-Oct,0,0,0.633333333,1.266666667,0.2,0.414285714,0.228571429,0.214285714,0.5,0,0.1625,0,0,0.233333333,1.033333333,0.8,0.345454546,0.063636364,0.281818182,0.027272727,0.354545455,0.072727273,0.863636364,0.109090909,0.018181818,0.018181818,0.172727273,0.8,0.154545455,0.027272727,0.245454546,0.027272727,0.036363636
21-Oct,0,0,0.633333333,1.216666667,0.2,0.428571429,0.228571429,0.371428571,0.442857143,0.025,0.1375,0,0,0.233333333,0.955555556,0.966666667,0.381818182,0.109090909,0.345454546,0.018181818,0.345454546,0.072727273,0.9,0.081818182,0.054545455,0.027272727,0.336363636,0.772727273,0.245454546,0.027272727,0.254545455,0.045454546,0.036363636
22-Oct,0,0,0.633333333,1.2,0.228571429,0.7,0.214285714,0.357142857,0.357142857,0.0375,0.2,0.0125,0,0.311111111,0.911111111,1.011111111,0.690909091,0.163636364,1.190909091,0.081818182,0.327272727,0.072727273,0.818181818,0.063636364,0.4,0.027272727,0.345454546,0.736363636,0.345454546,0.027272727,0.263636364,0.036363636,0.027272727
23-Oct,0,0,0.616666667,1.166666667,0.371428571,0.771428571,0.228571429,0.357142857,0.342857143,0.3625,0.2875,0.1625,0,0.411111111,0.866666667,1.044444444,0.727272727,0.263636364,1.181818182,0.190909091,0.318181818,0.072727273,0.727272727,0.063636364,0.818181818,0,0.354545455,0.754545455,0.436363636,0.027272727,0.272727273,0.054545455,0
24-Oct,0.016666667,0,0.616666667,1.066666667,0.428571429,0.657142857,0.314285714,0.342857143,0.328571429,0.7375,0.275,0.45,0,0.444444444,0.822222222,1.066666667,0.681818182,0.281818182,1.190909091,0.263636364,0.290909091,0.072727273,0.709090909,0.063636364,0.872727273,0,0.327272727,0.8,0.709090909,0.036363636,0.3,0.3,0
25-Oct,0.15,0,0.6,0.983333333,0.414285714,0.7,1,0.328571429,0.3,0.6625,0.2625,0.475,0,0.433333333,0.766666667,1.088888889,0.672727273,0.281818182,1.218181818,0.281818182,0.281818182,0.109090909,0.672727273,0.063636364,0.790909091,0,0.3,0.854545455,0.990909091,0.036363636,0.3,0.327272727,0
26-Oct,0.183333333,0.2,0.616666667,0.933333333,0.414285714,0.914285714,1.371428571,0.485714286,0.271428571,0.525,0.25,0.475,0,0.444444444,0.788888889,1.233333333,0.645454546,0.309090909,1.490909091,0.636363636,0.481818182,0.172727273,0.645454546,0.063636364,0.772727273,0,0.3,0.809090909,1.063636364,0.881818182,0.318181818,0.381818182,0
27-Oct,0.166666667,0.05,0.8,0.883333333,0.385714286,1.242857143,1.342857143,0.6,0.242857143,0.5625,0.2625,0.8,0,0.444444444,0.766666667,2.033333333,0.618181818,0.263636364,1.518181818,0.7,1.509090909,0.2,0.627272727,0.063636364,0.718181818,0,0.290909091,0.745454546,1.045454546,1.490909091,0.490909091,0.5,0.009090909
28-Oct,0.2,0.1,0.883333333,0.883333333,0.371428571,1.742857143,1.342857143,0.942857143,0.242857143,0.6625,0.2875,0.8,0,0.488888889,0.822222222,2.1,0.581818182,0.227272727,1.545454546,0.7,1.490909091,0.209090909,0.618181818,0.063636364,0.727272727,0,0.318181818,0.690909091,1.018181818,1.554545455,0.509090909,0.781818182,0.036363636
29-Oct,0.533333333,0.2,0.95,0.866666667,0.371428571,2.1,1.357142857,1.014285714,0.285714286,1.15,0.25,0.825,0,0.577777778,0.788888889,2.022222222,0.563636364,0.209090909,2.081818182,0.709090909,1.518181818,0.154545455,0.636363636,0.072727273,0.772727273,0,0.327272727,0.672727273,1.409090909,1.590909091,0.518181818,0.745454546,0.490909091
30-Oct,0.783333333,0.216666667,1.166666667,0.866666667,0.371428571,2.185714286,1.385714286,0.971428571,0.4,1.1625,0.2375,0.975,0,0.6,0.8,1.922222222,0.545454546,0.2,2.309090909,0.718181818,1.509090909,0.154545455,0.872727273,0.072727273,0.881818182,0,0.327272727,0.627272727,1.572727273,1.554545455,0.563636364,0.763636364,0.690909091
31-Oct,1.133333333,0.3,1.183333333,1,0.371428571,2.157142857,1.342857143,1.042857143,0.428571429,1.15,0.2125,1.2125,0,0.633333333,0.866666667,1.833333333,0.5,0.190909091,2.4,0.736363636,1.472727273,0.127272727,0.836363636,0.072727273,0.963636364,0,0.490909091,1.372727273,1.772727273,1.509090909,0.518181818,0.754545455,0.709090909
1-Nov,1.316666667,0.583333333,1.233333333,1.116666667,0.385714286,2.328571429,1.257142857,1.428571429,0.428571429,1.2625,0.3625,1.3,0,0.733333333,0.911111111,1.8,0.490909091,0.190909091,2.363636364,0.727272727,1.472727273,0.127272727,0.872727273,0.072727273,0.963636364,0,0.754545455,1.663636364,1.881818182,1.418181818,0.536363636,0.718181818,0.736363636
2-Nov,1.65,0.9,1.3,1.116666667,0.528571429,2.328571429,1.242857143,1.571428571,0.414285714,1.3875,0.3625,1.25,0.1125,1.011111111,0.944444444,1.688888889,0.472727273,0.2,2.318181818,0.754545455,1.545454546,0.127272727,0.890909091,0.1,0.972727273,0.027272727,0.690909091,1.718181818,1.881818182,1.345454546,0.6,0.718181818,0.718181818
3-Nov,1.8,1.533333333,1.266666667,1.15,0.557142857,2.257142857,1.214285714,1.757142857,0.428571429,1.3875,0.375,1.25,0.425,1.011111111,0.933333333,1.711111111,0.472727273,0.227272727,2.290909091,0.763636364,1.936363636,0.127272727,0.945454546,0.363636364,0.954545455,0.027272727,0.645454546,1.845454546,1.890909091,1.290909091,0.745454546,0.709090909,0.718181818
4-Nov,1.866666667,1.683333333,1.283333333,1.75,0.6,2.371428571,1.214285714,1.742857143,0.414285714,1.4,0.375,1.3,0.625,1.044444444,0.922222222,1.744444444,0.481818182,0.227272727,2.236363636,0.763636364,2,0.127272727,0.981818182,0.390909091,0.927272727,0.045454546,0.645454546,1.936363636,1.863636364,1.209090909,0.718181818,1.1,0.654545455
5-Nov,1.966666667,1.666666667,1.366666667,1.75,0.6,2.4,1.214285714,1.742857143,0.385714286,1.5,0.3875,1.4,0.65,1.1,0.933333333,1.766666667,0.472727273,0.354545455,2.2,0.763636364,2.054545455,0.136363636,1.227272727,0.381818182,1.1,0.063636364,0.727272727,2.145454546,1.836363636,1.081818182,0.727272727,1.072727273,0.590909091
6-Nov,1.983333333,1.75,1.5,1.733333333,0.614285714,2.428571429,1.214285714,1.771428571,0.371428571,1.725,0.3875,1.3625,0.675,1.066666667,1.033333333,1.755555556,0.463636364,0.445454546,2.136363636,0.772727273,2.336363636,0.136363636,1.309090909,0.4,1.154545455,0.072727273,0.736363636,2.154545455,1.827272727,0.981818182,0.7,1.209090909,0.581818182
7-Nov,2.233333333,1.783333333,1.583333333,1.716666667,0.657142857,2.528571429,1.228571429,1.828571429,0.371428571,1.7125,0.4125,1.4375,0.6875,1,1.044444444,1.8,0.463636364,0.445454546,2.081818182,0.772727273,2.363636364,0.136363636,1.381818182,0.418181818,1.163636364,0.063636364,0.763636364,2.136363636,1.818181818,0.972727273,0.718181818,1.172727273,0.563636364
8-Nov,2.316666667,1.8,1.483333333,1.7,0.671428571,2.514285714,1.214285714,2.028571429,0.342857143,1.825,0.4875,1.55,0.725,1.044444444,1.066666667,1.844444444,0.463636364,0.509090909,2.054545455,0.772727273,2.527272727,0.136363636,1.409090909,0.427272727,1.190909091,0.045454546,1.090909091,2.145454546,1.790909091,1.290909091,0.7,1.136363636,0.563636364
9-Nov,2.316666667,1.833333333,1.5,1.85,0.714285714,2.485714286,1.242857143,2.642857143,0.342857143,1.85,0.6125,1.8375,0.7,1.077777778,1.055555556,1.833333333,0.463636364,0.527272727,2.009090909,0.772727273,2.572727273,0.145454546,1.363636364,0.418181818,1.2,0.027272727,1.136363636,2.090909091,1.763636364,1.563636364,0.709090909,1.109090909,0.618181818
10-Nov,2.233333333,1.95,1.5,1.85,0.857142857,2.5,1.5,3.128571429,0.342857143,1.9,0.6125,2.8125,0.775,1.155555556,1.033333333,1.788888889,0.463636364,0.536363636,2,0.818181818,2.572727273,0.263636364,1.3,0.418181818,1.218181818,0.027272727,1.127272727,2.118181818,1.709090909,1.7,0.745454546,1.145454546,0.681818182
11-Nov,2.433333333,2.35,1.5,1.866666667,1.542857143,2.485714286,1.685714286,3.157142857,0.342857143,2.025,0.6375,2.9,0.8625,1.355555556,1,1.755555556,0.463636364,0.636363636,2,0.836363636,2.636363636,0.609090909,1.281818182,0.463636364,1.318181818,0.027272727,1.081818182,2.145454546,1.7,1.718181818,0.872727273,1.081818182,0.681818182
12-Nov,2.466666667,2.566666667,1.716666667,1.883333333,1.585714286,2.442857143,2,3.342857143,0.342857143,2.325,0.6375,2.9,0.8875,1.377777778,1.144444444,1.766666667,0.463636364,0.681818182,1.981818182,0.963636364,2.645454546,0.663636364,1.281818182,0.518181818,1.390909091,0.027272727,1.009090909,2.527272727,1.654545455,1.718181818,0.945454546,1.1,0.681818182
13-Nov,2.5,2.583333333,2.15,2.333333333,1.6,2.557142857,2.042857143,3.342857143,0.328571429,2.35,0.6625,3.0375,1.0375,1.422222222,1.266666667,1.855555556,0.463636364,0.736363636,1.981818182,0.972727273,2.727272727,0.745454546,1.290909091,0.6,1.409090909,0.027272727,1.009090909,2.609090909,1.645454546,1.718181818,0.945454546,1.136363636,0.690909091
14-Nov,2.5,2.55,2.483333333,2.45,1.571428571,2.557142857,2.114285714,3.271428571,0.328571429,2.3125,0.65,3.1125,1.325,1.544444444,1.433333333,2,0.481818182,0.727272727,2.1,0.990909091,2.845454546,0.763636364,1.318181818,1.054545455,1.409090909,0.027272727,1,2.690909091,1.6,1.781818182,0.936363636,1.245454546,0.681818182
15-Nov,2.716666667,2.533333333,2.716666667,2.466666667,1.542857143,2.571428571,2.5,3.257142857,0.328571429,2.4375,0.6375,3.0875,1.3125,1.533333333,1.8,2.511111111,0.490909091,0.7,2.372727273,1.027272727,2.845454546,0.763636364,1.309090909,1.372727273,1.427272727,0,0.981818182,2.736363636,1.609090909,1.854545455,0.945454546,1.263636364,0.663636364
16-Nov,3.183333333,2.483333333,2.733333333,2.466666667,1.542857143,2.8,2.6,3.214285714,0.371428571,2.425,0.65,3.125,1.3375,1.611111111,1.822222222,2.611111111,0.490909091,0.727272727,2.627272727,1.127272727,2.863636364,0.763636364,1.609090909,1.7,1.445454546,0,1,2.754545455,1.572727273,1.890909091,0.936363636,1.227272727,0.681818182
17-Nov,3.6,2.433333333,2.733333333,2.566666667,1.514285714,3.171428571,2.628571429,3.171428571,0.371428571,2.425,0.6625,3.1875,1.4,1.577777778,1.855555556,2.644444444,0.481818182,0.745454546,2.636363636,1.336363636,2.845454546,0.754545455,1.881818182,1.781818182,2.163636364,0,0.990909091,2.763636364,1.545454546,1.872727273,0.918181818,1.290909091,0.727272727
18-Nov,3.883333333,2.383333333,2.766666667,2.75,1.457142857,3.514285714,2.642857143,3.142857143,0.385714286,2.5125,0.6625,3.2125,1.575,1.611111111,1.877777778,2.633333333,0.481818182,0.745454546,2.663636364,1.354545455,2.863636364,0.727272727,1.909090909,1.8,2.445454546,0.181818182,1.463636364,2.754545455,1.536363636,1.881818182,0.890909091,1.290909091,0.736363636
19-Nov,4.366666667,2.383333333,2.916666667,2.783333333,1.442857143,3.628571429,2.671428571,3.114285714,0.357142857,2.5875,0.8375,3.1875,1.6375,1.644444444,1.966666667,2.6,0.481818182,0.745454546,2.663636364,1.354545455,2.872727273,0.690909091,1.945454546,1.827272727,2.527272727,0.227272727,1.454545455,2.736363636,1.536363636,1.881818182,0.936363636,1.263636364,0.763636364
20-Nov,4.583333333,2.433333333,2.933333333,3.033333333,1.428571429,3.571428571,2.7,3.085714286,0.385714286,2.5875,0.8,3.1625,1.65,1.577777778,1.855555556,2.611111111,0.5,0.727272727,2.654545455,1.345454546,2.881818182,0.654545455,2.009090909,1.836363636,2.527272727,0.281818182,1.454545455,2.763636364,1.527272727,1.836363636,0.945454546,1.272727273,0.818181818
21-Nov,4.716666667,2.916666667,2.95,3.516666667,1.414285714,3.385714286,2.857142857,3.114285714,0.385714286,2.5875,0.7625,3.15,1.6375,2.055555556,1.888888889,2.666666667,0.490909091,0.718181818,2.672727273,1.390909091,2.881818182,0.654545455,2.090909091,1.836363636,2.5,0.318181818,1.490909091,2.781818182,1.681818182,1.818181818,1,1.290909091,0.981818182
22-Nov,4.766666667,2.966666667,2.966666667,3.666666667,1.414285714,3.357142857,2.957142857,3.128571429,0.5,2.5875,0.8,3.0875,1.675,2.255555556,1.9,2.655555556,0.490909091,0.727272727,2.672727273,1.581818182,2.9,0.654545455,2.390909091,1.845454546,2.5,0.554545455,1.554545455,2.781818182,2.027272727,1.872727273,0.972727273,1.309090909,0.990909091
23-Nov,4.833333333,3.033333333,3.116666667,3.683333333,1.414285714,3.471428571,2.971428571,3.071428571,0.628571429,2.6125,1.075,3.05,1.6875,2.233333333,1.911111111,2.677777778,0.5,0.727272727,2.672727273,1.609090909,2.918181818,0.618181818,2.963636364,2,2.518181818,0.763636364,1.563636364,2.972727273,2.345454546,2.009090909,1,1.281818182,0.990909091
24-Nov,4.866666667,3.25,3.333333333,3.683333333,1.428571429,3.657142857,3,3.071428571,0.671428571,2.5625,1.325,3.1,1.775,2.311111111,1.888888889,2.6,0.718181818,0.709090909,2.690909091,1.636363636,2.927272727,0.618181818,3.045454546,2.181818182,2.527272727,0.718181818,1.545454546,3.018181818,2.345454546,2.190909091,1.063636364,1.354545455,1
25-Nov,4.95,3.266666667,3.366666667,3.7,1.428571429,3.714285714,3.014285714,3.028571429,0.685714286,2.5625,1.425,3.1,1.875,2.366666667,1.9,2.633333333,0.790909091,0.709090909,2.690909091,1.690909091,2.927272727,0.618181818,3.490909091,2.281818182,2.518181818,0.709090909,1.490909091,3.245454546,2.354545455,2.509090909,1.290909091,1.427272727,1.218181818
26-Nov,5.016666667,3.316666667,3.416666667,3.716666667,1.428571429,3.8,3.014285714,3.014285714,0.771428571,2.5375,1.7875,3.075,1.925,2.377777778,1.911111111,2.633333333,0.818181818,0.709090909,2.7,1.709090909,2.954545455,0.6,3.709090909,2.572727273,2.536363636,0.718181818,1.490909091,3.245454546,2.481818182,2.509090909,1.336363636,1.472727273,1.281818182
27-Nov,5.083333333,3.383333333,3.45,3.883333333,1.728571429,4.057142857,3.271428571,3.014285714,0.785714286,2.55,1.8,3.0625,2.05,2.477777778,1.966666667,2.6,0.827272727,0.745454546,2.709090909,1.727272727,2.954545455,0.581818182,3.709090909,2.6,2.581818182,0.809090909,1.463636364,3.290909091,2.672727273,2.509090909,1.345454546,1.536363636,1.327272727
28-Nov,5.116666667,3.383333333,3.5,3.983333333,1.985714286,4.185714286,3.671428571,2.971428571,0.785714286,2.5625,1.7625,3.05,2.075,2.744444444,1.955555556,2.677777778,0.836363636,0.9,2.7,1.736363636,2.945454546,0.572727273,3.718181818,2.609090909,2.854545455,1.2,1.463636364,3.372727273,2.845454546,2.5,1.336363636,1.618181818,1.327272727
29-Nov,5.133333333,3.416666667,3.516666667,4.1,2.028571429,4.342857143,4.842857143,2.928571429,0.757142857,2.5375,1.875,3.1,2.1375,3.011111111,1.944444444,2.866666667,0.836363636,1.109090909,2.672727273,1.772727273,2.954545455,0.572727273,3.727272727,2.590909091,2.963636364,1.263636364,1.454545455,3.436363636,2.927272727,2.5,1.345454546,1.672727273,1.327272727
30-Nov,5.616666667,3.466666667,3.5,4.166666667,2.028571429,4.542857143,4.842857143,2.885714286,0.742857143,2.525,1.9375,3.0875,2.1375,3.122222222,2.1,3.077777778,0.872727273,1.290909091,2.663636364,1.818181818,2.954545455,0.563636364,3.727272727,2.563636364,3.081818182,1.272727273,1.445454546,3.445454546,3.4,2.5,1.354545455,1.772727273,1.336363636
1-Dec,5.766666667,3.533333333,3.55,4.2,2,4.642857143,4.857142857,2.871428571,0.742857143,2.4875,2.025,3.0875,2.1125,3.222222222,2.177777778,3.211111111,1.527272727,1.663636364,2.663636364,1.890909091,2.972727273,0.581818182,3.736363636,2.536363636,3.127272727,1.3,1.436363636,3.509090909,3.445454546,2.518181818,1.354545455,1.854545455,1.436363636
2-Dec,5.85,3.533333333,3.566666667,4.183333333,1.971428571,4.671428571,4.942857143,2.842857143,0.771428571,2.475,2.1,3.0625,2.1125,3.2,2.388888889,3.177777778,2.645454546,1.7,2.663636364,1.963636364,3.063636364,0.572727273,3.772727273,2.536363636,3.136363636,1.318181818,1.445454546,3.490909091,3.490909091,2.7,1.3,1.890909091,1.581818182
3-Dec,5.916666667,3.566666667,3.6,4.183333333,1.971428571,4.757142857,5.1,2.828571429,0.885714286,2.45,2.1625,3.0625,2.1125,3.277777778,2.633333333,3.255555556,2.663636364,1.745454546,2.7,1.972727273,3.154545455,0.572727273,3.772727273,2.545454546,3.2,1.518181818,1.445454546,3.709090909,3.536363636,2.736363636,1.272727273,1.963636364,1.745454546
4-Dec,5.916666667,3.6,3.65,4.183333333,1.957142857,4.814285714,5.3,2.842857143,1.514285714,2.4375,2.1625,3.2,2.1125,3.355555556,2.788888889,3.377777778,2.745454546,1.772727273,2.727272727,1.972727273,3.536363636,0.581818182,3.963636364,2.554545455,3.218181818,1.518181818,1.463636364,3.736363636,3.518181818,2.754545455,1.272727273,2.063636364,1.981818182
5-Dec,5.95,3.816666667,3.683333333,4.2,2,4.828571429,5.3,2.814285714,1.671428571,2.45,2.2,3.2,2.1,3.422222222,2.822222222,3.4,2.772727273,1.809090909,2.745454546,1.954545455,4,0.590909091,4.127272727,2.545454546,3.245454546,1.590909091,1.436363636,3.763636364,3.545454546,2.745454546,1.263636364,2.081818182,1.990909091
6-Dec,5.933333333,4.133333333,3.683333333,4.233333333,2.085714286,5.128571429,5.328571429,2.885714286,1.7,2.5,2.2875,3.2,2.15,3.366666667,2.866666667,3.411111111,2.954545455,1.818181818,2.772727273,1.945454546,4.090909091,0.590909091,4.272727273,2.536363636,3.263636364,1.590909091,1.445454546,3.936363636,3.6,2.745454546,1.263636364,2.054545455,1.945454546
7-Dec,5.916666667,4.15,3.766666667,4.5,2.142857143,5.7,5.357142857,2.971428571,1.7,2.5125,2.3,3.2,2.2,3.366666667,3.011111111,3.388888889,3.4,1.818181818,2.818181818,1.981818182,4.181818182,0.6,4.4,2.536363636,3.281818182,1.709090909,1.563636364,4.036363636,3.590909091,2.745454546,1.309090909,2.127272727,1.927272727
8-Dec,5.916666667,4.15,3.766666667,4.583333333,2.457142857,5.728571429,5.428571429,3.028571429,1.714285714,2.5375,2.375,3.2,2.2375,3.377777778,3.033333333,3.377777778,4.7,1.836363636,3.390909091,2.036363636,4.2,0.618181818,4.572727273,2.5,3.290909091,1.727272727,1.627272727,4.036363636,3.618181818,2.754545455,1.290909091,2.263636364,1.945454546
9-Dec,5.933333333,4.216666667,3.766666667,4.616666667,2.442857143,5.742857143,5.557142857,3.1,1.714285714,2.625,2.4125,3.1875,2.55,3.522222222,3.1,3.411111111,5.4,2.736363636,3.972727273,2.063636364,4.2,0.663636364,4.627272727,2.5,3.290909091,1.881818182,1.627272727,4.027272727,4.036363636,2.754545455,1.4,2.245454546,2.154545455
10-Dec,5.933333333,4.3,3.766666667,4.566666667,2.457142857,5.728571429,5.628571429,3.242857143,1.757142857,2.7125,2.4625,3.1875,2.5375,3.8,3.111111111,3.455555556,5.445454546,2.845454546,3.990909091,2.081818182,4.218181818,0.863636364,4.636363636,2.481818182,3.309090909,1.954545455,1.609090909,4.009090909,4.009090909,2.745454546,1.572727273,2.245454546,2.3
11-Dec,5.966666667,4.3,3.766666667,4.633333333,2.5,5.814285714,5.842857143,3.271428571,1.771428571,2.95,2.4625,3.2,2.575,3.822222222,3.1,3.544444444,5.654545455,2.890909091,4.054545455,2.2,4.218181818,1,4.672727273,2.463636364,3.3,2.054545455,1.6,4.045454546,4,2.927272727,1.845454546,2.245454546,2.4
12-Dec,6.266666667,4.266666667,3.783333333,4.633333333,2.514285714,6.057142857,5.871428571,3.285714286,1.828571429,3.0375,2.475,3.225,2.5625,3.833333333,3.077777778,3.655555556,5.963636364,2.872727273,4.1,2.263636364,4.236363636,1.045454546,4.672727273,2.472727273,3.381818182,2.263636364,1.6,4.054545455,4.009090909,3.209090909,1.927272727,2.290909091,2.4
13-Dec,6.316666667,4.433333333,4.3,4.633333333,2.557142857,6.057142857,5.9,3.271428571,1.842857143,3.075,2.5125,3.3375,2.6,3.744444444,3.166666667,3.733333333,5.963636364,3.054545455,4.154545455,2.345454546,4.4,1.081818182,4.681818182,2.5,3.9,2.254545455,1.6,4.154545455,4.145454546,3.536363636,1.918181818,2.363636364,2.409090909
14-Dec,6.333333333,4.583333333,4.25,4.716666667,2.657142857,6.028571429,5.914285714,3.3,1.985714286,3.2125,2.5375,3.35,2.7375,3.722222222,3.322222222,3.744444444,5.963636364,3.236363636,4.536363636,2.363636364,4.436363636,1.1,4.690909091,2.6,3.927272727,2.227272727,1.618181818,4.181818182,4.390909091,3.618181818,1.927272727,2.409090909,2.772727273
15-Dec,6.366666667,4.683333333,4.25,4.8,2.757142857,6.128571429,5.914285714,3.271428571,1.985714286,3.25,2.55,3.3625,2.7875,3.711111111,3.211111111,3.766666667,6,3.381818182,4.545454546,2.363636364,4.490909091,1.418181818,4.7,2.836363636,4.136363636,2.381818182,1.745454546,4.209090909,4.827272727,3.718181818,1.963636364,2.409090909,2.836363636
16-Dec,6.383333333,4.816666667,4.366666667,4.916666667,2.757142857,6.2,5.942857143,3.271428571,2.028571429,3.5875,2.5625,3.3125,2.95,4.011111111,3.222222222,3.777777778,6.072727273,3.636363636,4.554545455,2.409090909,4.5,1.554545455,4.7,2.854545455,4.245454546,2.454545455,1.772727273,4.209090909,5.4,3.781818182,2.109090909,2.381818182,2.836363636
17-Dec,6.4,5.016666667,4.466666667,4.916666667,2.742857143,6.514285714,5.942857143,3.271428571,2.085714286,3.6125,2.575,3.4125,2.9625,4.033333333,3.244444444,3.7,6.081818182,4.163636364,4.563636364,2.609090909,4.518181818,1.663636364,4.709090909,2.863636364,4.272727273,3.181818182,1.736363636,4.209090909,5.463636364,3.790909091,2.136363636,2.372727273,2.836363636
18-Dec,6.4,5.166666667,4.516666667,4.916666667,2.757142857,6.557142857,5.942857143,3.314285714,2.2,3.7125,2.5875,3.6875,3.025,4.133333333,3.333333333,3.666666667,6.154545455,4.418181818,4.572727273,2.745454546,4.554545455,1.790909091,4.727272727,2.927272727,4.318181818,3.681818182,1.727272727,4.236363636,5.490909091,3.836363636,2.063636364,2.427272727,2.836363636
19-Dec,6.483333333,5.466666667,4.55,4.933333333,2.785714286,6.628571429,5.942857143,3.3,2.285714286,3.7375,2.6125,3.675,3.025,4.144444444,3.422222222,3.788888889,6.163636364,4.954545455,4.563636364,3.054545455,4.581818182,1.945454546,4.745454546,2.927272727,4.409090909,3.690909091,1.718181818,4.245454546,5.5,3.909090909,2.090909091,2.436363636,2.836363636
20-Dec,6.5,5.6,4.733333333,4.916666667,2.785714286,6.657142857,5.928571429,3.328571429,2.328571429,3.9,2.625,3.6875,3.075,4.233333333,3.644444444,3.966666667,6.172727273,5.009090909,4.563636364,3.463636364,4.809090909,2.409090909,4.754545455,2.936363636,4.490909091,3.818181818,1.727272727,4.272727273,5.5,3.918181818,2.118181818,2.4,2.854545455
21-Dec,6.5,5.683333333,4.8,4.866666667,2.8,6.757142857,5.914285714,3.314285714,2.4,3.875,2.65,3.7,3.125,4.166666667,3.711111111,4.777777778,6.254545455,5.118181818,4.572727273,3.809090909,4.809090909,2.463636364,4.790909091,3.045454546,4.627272727,3.845454546,1.727272727,4.290909091,5.536363636,3.927272727,2.136363636,2.472727273,2.854545455
22-Dec,6.566666667,5.7,4.833333333,4.85,2.842857143,6.928571429,5.928571429,3.357142857,2.542857143,3.9,2.7,3.6875,3.2,4.266666667,3.744444444,4.811111111,6.372727273,5.190909091,4.581818182,3.918181818,4.936363636,2.509090909,4.845454546,3.618181818,4.745454546,3.863636364,1.781818182,4.290909091,5.536363636,3.936363636,2.109090909,2.518181818,2.863636364
23-Dec,6.633333333,5.733333333,4.95,4.883333333,2.914285714,7.128571429,5.971428571,3.328571429,2.571428571,3.9,2.7125,3.75,3.2875,4.388888889,3.777777778,4.822222222,6.436363636,5.618181818,4.8,4.036363636,5.309090909,2.518181818,4.881818182,3.972727273,5.127272727,4.418181818,1.809090909,4.3,5.563636364,4.009090909,2.136363636,2.527272727,2.9
24-Dec,6.65,5.75,5.15,4.9,2.942857143,7.271428571,6.071428571,3.328571429,2.6,3.9,2.7125,3.8375,3.3125,4.5,3.744444444,4.811111111,6.5,5.809090909,4.845454546,4.354545455,5.345454546,2.518181818,4.909090909,4,5.227272727,4.5,1.927272727,4.336363636,5.572727273,4.036363636,2.381818182,2.581818182,3.1
25-Dec,6.666666667,5.783333333,5.233333333,4.883333333,2.942857143,7.285714286,6.2,3.414285714,2.628571429,3.925,2.725,3.9125,3.35,4.6,3.722222222,4.833333333,6.627272727,5.954545455,4.845454546,4.363636364,5.372727273,2.590909091,4.927272727,4.081818182,5.336363636,4.7,1.945454546,4.427272727,5.7,4.045454546,2.945454546,2.609090909,3.145454546
26-Dec,6.7,5.783333333,5.266666667,4.883333333,2.942857143,7.357142857,6.257142857,3.485714286,2.642857143,4.075,2.7625,3.9125,3.4125,4.633333333,3.788888889,4.977777778,6.718181818,6.427272727,4.863636364,4.363636364,5.4,2.590909091,4.945454546,4.236363636,5.7,4.954545455,2.136363636,4.472727273,5.718181818,4.045454546,2.909090909,2.609090909,3.145454546
27-Dec,6.7,5.816666667,5.283333333,4.883333333,2.885714286,7.442857143,6.314285714,3.514285714,2.642857143,4.0875,2.8,3.9375,3.575,4.688888889,3.866666667,4.988888889,6.736363636,6.827272727,4.872727273,4.363636364,5.445454546,2.681818182,4.945454546,4.490909091,5.745454546,5.009090909,2.136363636,4.490909091,5.754545455,4.081818182,2.981818182,2.645454546,3.190909091
28-Dec,6.7,5.916666667,5.3,4.85,2.871428571,7.542857143,6.485714286,3.557142857,2.671428571,4.1125,2.8,3.9625,3.625,4.711111111,3.955555556,4.988888889,6.781818182,6.9,4.863636364,4.372727273,5.436363636,2.718181818,4.963636364,4.509090909,5.772727273,5.118181818,2.136363636,4.5,6.090909091,4.090909091,3.145454546,2.718181818,3.190909091
29-Dec,6.666666667,6.283333333,5.3,4.7,2.857142857,7.571428571,6.5,3.642857143,2.685714286,4.1375,2.875,3.9875,3.625,4.722222222,3.977777778,5.6,6.836363636,6.945454546,4.927272727,4.372727273,5.445454546,2.709090909,5.081818182,4.581818182,5.790909091,5.181818182,2.109090909,4.581818182,6.236363636,4.718181818,3.290909091,2.981818182,3.2
30-Dec,6.65,6.45,5.3,4.716666667,2.871428571,7.571428571,6.528571429,3.657142857,2.671428571,4.1375,2.8875,4,3.7625,5.311111111,4.011111111,5.888888889,6.936363636,6.963636364,4.972727273,4.581818182,5.427272727,2.727272727,5.090909091,4.809090909,5.790909091,5.181818182,2.1,4.590909091,6.236363636,4.872727273,3.427272727,3.027272727,3.209090909
31-Dec,6.633333333,6.416666667,5.3,5,3.057142857,7.585714286,6.528571429,3.628571429,2.657142857,4.2,2.9875,4.0125,3.85,5.266666667,4.144444444,6.166666667,7.118181818,6.936363636,5.054545455,4.818181818,5.418181818,2.790909091,5.127272727,4.909090909,5.809090909,5.172727273,2.081818182,4.645454546,6.245454546,4.9,3.609090909,3.081818182,3.209090909
1-Jan,6.683333333,6.416666667,5.283333333,5.083333333,3.728571429,7.557142857,6.528571429,3.657142857,2.728571429,4.175,3,4.1,3.825,5.366666667,4.222222222,6.211111111,7.145454546,6.945454546,5.081818182,4.9,5.354545455,2.918181818,5.154545455,4.954545455,5.818181818,5.181818182,2.072727273,5.027272727,6.281818182,4.890909091,4.009090909,3.309090909,3.209090909
2-Jan,6.633333333,6.433333333,5.333333333,5.1,4,7.471428571,6.542857143,3.8,2.885714286,4.1375,3.025,4.1625,3.925,5.288888889,4.3,6.177777778,7.209090909,6.972727273,5.127272727,4.936363636,5.345454546,2.918181818,5.190909091,5.063636364,5.818181818,5.190909091,2.054545455,5.136363636,6.4,4.9,4.2,3.790909091,3.209090909
3-Jan,6.55,6.45,5.45,4.966666667,4.2,7.485714286,6.642857143,3.8,2.971428571,4.125,3.0875,4.2375,4.3875,5.277777778,4.411111111,6.211111111,7.290909091,6.972727273,5.172727273,5.063636364,5.327272727,2.981818182,5.209090909,5.090909091,5.890909091,5.236363636,2.045454546,5.190909091,6.436363636,4.9,4.272727273,3.863636364,3.209090909
4-Jan,6.566666667,6.483333333,5.566666667,5.133333333,4.471428571,7.8,6.714285714,3.914285714,3.014285714,4.15,3.125,4.3,4.7375,5.422222222,4.311111111,6.3,7.336363636,7.027272727,5.190909091,5.072727273,5.318181818,3.009090909,5.209090909,5.163636364,5.918181818,5.263636364,2.045454546,5.272727273,6.454545455,4.945454546,4.354545455,3.954545455,3.218181818
5-Jan,6.6,6.55,5.6,5.233333333,4.628571429,7.828571429,6.714285714,4.014285714,3.185714286,4.1625,3.25,4.3375,4.6875,5.722222222,4.322222222,6.311111111,7.372727273,7.454545455,5.209090909,5.081818182,5.309090909,3.027272727,5.272727273,5.218181818,5.981818182,6.027272727,2.045454546,5.318181818,6.454545455,4.963636364,4.363636364,3.981818182,3.345454546
6-Jan,6.65,6.566666667,5.75,5.516666667,4.742857143,7.928571429,6.757142857,4.185714286,3.2,4.1625,3.325,4.6375,4.75,6.011111111,4.355555556,6.844444444,7.918181818,7.627272727,5.236363636,5.118181818,5.309090909,3.036363636,5.3,5.236363636,5.981818182,6.654545455,2.054545455,5.336363636,6.436363636,4.981818182,4.65,4.009090909,3.4
7-Jan,6.933333333,6.7,5.933333333,5.7,4.742857143,8.057142857,6.857142857,4.185714286,3.185714286,4.1625,3.375,4.6375,4.9,6,4.433333333,6.944444444,8.554545455,7.718181818,5.245454546,5.136363636,5.309090909,3.054545455,5.336363636,5.236363636,6.036363636,6.772727273,2.209090909,5.4,6.436363636,4.981818182,4.590909091,4.054545455,3.418181818
8-Jan,7.166666667,6.883333333,5.916666667,6.016666667,4.757142857,8.071428571,6.9,4.185714286,3.228571429,4.1625,3.4,4.7,5.025,6.266666667,4.422222222,6.966666667,9.081818182,7.863636364,5.236363636,5.145454546,5.381818182,3.054545455,5.436363636,5.227272727,6.090909091,6.972727273,2.245454546,5.445454546,6.445454546,4.981818182,4.572727273,4.054545455,3.663636364
9-Jan,7.133333333,7.35,5.916666667,6.066666667,4.728571429,8.171428571,6.942857143,4.2,3.328571429,4.1875,3.425,4.725,5,6.533333333,4.466666667,6.966666667,9.236363636,7.863636364,5.236363636,5.163636364,5.381818182,3.054545455,5.481818182,5.218181818,6.272727273,7.263636364,2.281818182,5.463636364,6.445454546,4.981818182,4.6,4.081818182,3.827272727
10-Jan,7.1,7.333333333,5.9,6.083333333,4.728571429,8.342857143,6.942857143,4.257142857,3.442857143,4.2,3.475,4.8125,4.9625,6.744444444,4.566666667,6.966666667,9.363636364,8.090909091,5.236363636,5.236363636,5.390909091,3.063636364,5.6,5.218181818,6.281818182,7.918181818,2.3,5.481818182,6.527272727,5.027272727,4.6,4.090909091,3.972727273
11-Jan,7.133333333,7.45,5.9,6.1,4.8,8.671428571,7,4.271428571,3.557142857,4.2,3.575,4.85,4.975,6.922222222,4.644444444,6.988888889,9.418181818,8.109090909,5.245454546,5.290909091,5.418181818,3.090909091,5.7,5.227272727,6.281818182,8.136363636,2.418181818,5.590909091,6.518181818,5.027272727,4.627272727,4.163636364,4.054545455
12-Jan,7.15,7.616666667,5.933333333,6.15,4.814285714,8.942857143,7.042857143,4.285714286,3.585714286,4.2,3.6125,5.0625,4.975,7.477777778,4.655555556,7.166666667,9.490909091,8.163636364,5.254545455,5.327272727,5.4,3.136363636,5.718181818,5.290909091,6.3,8.372727273,2.4,6.281818182,6.563636364,5.045454546,4.654545455,4.254545455,4.218181818
13-Jan,7.166666667,7.666666667,6.016666667,6.2,4.814285714,9.257142857,7.085714286,4.285714286,3.585714286,4.275,3.6625,5.1,4.95,7.788888889,4.577777778,7.255555556,9.5,8.390909091,5.254545455,5.372727273,5.409090909,3.136363636,5.818181818,5.327272727,6.327272727,8.436363636,2.527272727,6.418181818,6.618181818,5.072727273,4.690909091,4.245454546,4.272727273
14-Jan,7.166666667,7.766666667,6.083333333,6.25,4.814285714,9.457142857,7.157142857,4.285714286,3.585714286,4.375,3.675,5.0875,4.9375,7.833333333,4.677777778,7.533333333,9.5,8.381818182,5.245454546,5.409090909,5.436363636,3.172727273,5.863636364,5.481818182,6.354545455,8.472727273,2.527272727,6.481818182,6.672727273,5.054545455,4.7,4.263636364,4.327272727
15-Jan,7.25,7.8,6.1,6.316666667,4.814285714,9.6,7.171428571,4.314285714,3.6,4.4125,3.7,5.0875,5,7.833333333,4.711111111,7.8,9.536363636,8.390909091,5.245454546,5.409090909,5.463636364,3.2,5.918181818,5.481818182,6.381818182,8.6,2.518181818,6.490909091,6.681818182,5.036363636,4.772727273,4.263636364,4.718181818
16-Jan,7.266666667,7.833333333,6.15,6.316666667,4.814285714,9.628571429,7.285714286,4.3,3.628571429,4.5,3.7125,5.15,5.1125,7.833333333,4.688888889,7.8,9.581818182,8.390909091,5.245454546,5.409090909,5.509090909,3.3,5.918181818,5.490909091,6.427272727,8.754545455,2.509090909,6.627272727,6.7,5.036363636,4.8,4.381818182,4.8
17-Jan,7.283333333,7.916666667,6.316666667,6.6,4.914285714,9.628571429,7.385714286,4.414285714,3.642857143,4.5625,3.8,5.15,5.125,7.944444444,4.644444444,7.833333333,9.672727273,8.381818182,5.263636364,5.463636364,5.772727273,3.318181818,5.918181818,5.5,6.518181818,9.045454546,2.509090909,6.790909091,6.836363636,5.045454546,4.827272727,4.518181818,4.809090909
18-Jan,7.283333333,8.083333333,6.366666667,6.633333333,5.828571429,9.685714286,7.657142857,4.628571429,3.642857143,4.5875,3.8125,5.15,5.125,7.922222222,4.855555556,7.866666667,9.745454546,8.381818182,5.272727273,5.654545455,5.781818182,3.336363636,5.918181818,5.509090909,6.590909091,9.054545455,2.509090909,6.954545455,7.009090909,5.072727273,4.818181818,4.927272727,4.945454546
19-Jan,7.283333333,8.183333333,6.366666667,6.733333333,5.971428571,9.7,7.671428571,4.871428571,3.771428571,4.625,3.9,5.1625,5.125,7.988888889,4.922222222,7.911111111,9.809090909,8.390909091,5.3,5.681818182,5.881818182,3.336363636,5.9,5.518181818,6.636363636,9.072727273,2.563636364,7.4,7.036363636,5.318181818,4.790909091,5.063636364,5
20-Jan,7.3,8.4,6.366666667,6.766666667,6.285714286,9.714285714,7.757142857,5.1,3.771428571,4.7,4.05,5.1875,5.15,7.944444444,5.355555556,7.955555556,9.945454546,8.4,5.381818182,5.790909091,5.909090909,3.327272727,5.9,5.536363636,6.645454546,9.254545455,2.563636364,7.472727273,7.045454546,5.509090909,4.8,5.063636364,5.036363636
21-Jan,7.283333333,8.5,6.383333333,6.833333333,6.357142857,9.714285714,7.785714286,5.342857143,3.771428571,4.7375,4.075,5.1875,5.45,7.988888889,5.4,7.988888889,10,8.390909091,5.463636364,5.863636364,5.927272727,3.336363636,5.863636364,5.563636364,6.745454546,9.4,2.627272727,7.509090909,7.127272727,5.554545455,4.845454546,5.218181818,5.045454546
22-Jan,7.266666667,8.516666667,6.383333333,6.883333333,6.457142857,9.8,7.814285714,5.942857143,3.985714286,4.8,4.0875,5.2,5.4625,7.933333333,5.377777778,8.022222222,10.04545455,8.418181818,5.972727273,5.9,6.118181818,3.336363636,5.863636364,5.672727273,6.754545455,9.536363636,2.972727273,7.6,7.236363636,5.554545455,5.190909091,5.272727273,5.063636364
23-Jan,7.233333333,8.683333333,6.4,6.883333333,6.557142857,9.814285714,7.9,6.028571429,4.1,4.85,4.1375,5.2,5.475,7.955555556,5.388888889,8.077777778,10.09090909,8.445454546,6.518181818,6.009090909,6.227272727,3.336363636,5.854545455,5.681818182,6.781818182,9.709090909,3,7.763636364,7.3,5.563636364,5.218181818,5.281818182,5.145454546
24-Jan,7.25,8.733333333,6.416666667,6.866666667,6.628571429,9.928571429,7.957142857,6.171428571,4.085714286,4.875,4.15,5.225,5.525,7.944444444,5.433333333,8.077777778,10.10909091,8.572727273,6.6,6.036363636,6.254545455,3.354545455,5.845454546,5.709090909,6.8,10.3,3.027272727,7.881818182,7.327272727,5.7,5.263636364,5.327272727,5.154545455
25-Jan,7.233333333,8.8,6.433333333,6.933333333,6.8,9.957142857,8,6.357142857,4.328571429,4.8875,4.1625,5.25,5.525,8,5.455555556,8.1,10.3,8.736363636,6.618181818,6.090909091,6.281818182,3.409090909,5.863636364,5.736363636,6.872727273,10.47272727,3.054545455,7.990909091,7.336363636,5.909090909,5.245454546,5.372727273,5.172727273
26-Jan,7.233333333,8.833333333,6.666666667,6.933333333,6.985714286,10.34285714,8.1,6.371428571,4.685714286,5.175,4.2,5.25,5.5875,7.955555556,5.711111111,8.166666667,10.4,8.818181818,6.636363636,6.118181818,6.327272727,3.427272727,5.881818182,5.745454546,6.890909091,10.48181818,3.054545455,7.990909091,7.354545455,5.972727273,5.372727273,5.4,5.236363636
27-Jan,7.233333333,8.866666667,6.966666667,7.1,7.014285714,10.75714286,8.1,6.5,5,5.2,4.2125,5.2625,5.6625,8.055555556,5.733333333,8.122222222,10.43636364,8.909090909,6.709090909,6.145454546,6.381818182,3.709090909,5.872727273,5.754545455,6.909090909,10.48181818,3.045454546,8,7.381818182,6.209090909,5.381818182,5.463636364,5.381818182
28-Jan,7.233333333,8.85,6.983333333,7.25,7.142857143,10.9,8.1,6.514285714,5.171428571,5.45,4.225,5.275,5.7375,8.111111111,5.755555556,8.122222222,10.75454545,8.936363636,6.927272727,6.172727273,6.481818182,3.772727273,5.945454546,5.754545455,6.927272727,10.53636364,3.054545455,8.045454546,7.5,6.309090909,5.481818182,5.572727273,5.390909091
29-Jan,7.2,8.85,7.1,7.4,7.314285714,10.97142857,8.142857143,6.514285714,5.228571429,5.65,4.225,5.2375,5.825,8.244444444,5.833333333,8.122222222,11.54545455,9.027272727,7.136363636,6.163636364,6.490909091,4.063636364,5.972727273,5.754545455,6.972727273,10.56363636,3.045454546,8.045454546,7.509090909,6.3,5.545454546,5.609090909,5.409090909
30-Jan,7.2,8.85,7.25,7.45,7.371428571,11.02857143,8.157142857,6.528571429,5.271428571,5.75,4.2375,5.2625,5.85,8.577777778,5.9,8.088888889,11.68181818,9.045454546,7.145454546,6.163636364,6.5,4.163636364,6.145454546,5.790909091,7.009090909,10.6,3.054545455,8.036363636,7.545454546,6.3,5.545454546,5.590909091,5.418181818
31-Jan,7.166666667,8.85,7.35,7.516666667,7.771428571,11.05714286,8.171428571,6.557142857,5.3,5.7625,4.3875,5.3,5.925,9.111111111,6.011111111,8.255555556,11.82727273,9.090909091,7.181818182,6.154545455,6.5,4.336363636,6.981818182,6.081818182,7.190909091,10.61818182,3.045454546,8.045454546,7.618181818,6.4,5.563636364,5.636363636,5.418181818
1-Feb,7.183333333,8.933333333,7.45,7.616666667,8.242857143,11.11428571,8.228571429,6.6,5.414285714,5.8,4.425,5.3125,6.3,9.222222222,5.988888889,8.588888889,11.90909091,9.1,7.181818182,6.272727273,6.5,4.4,7.436363636,6.118181818,7.772727273,10.61818182,3.045454546,8.045454546,7.636363636,6.409090909,5.581818182,5.618181818,5.427272727
2-Feb,7.216666667,9.066666667,7.516666667,7.633333333,8.671428571,11.11428571,8.271428571,6.628571429,5.414285714,5.825,4.475,5.325,6.475,9.233333333,6.077777778,8.722222222,12.04545455,9.1,7.172727273,6.327272727,6.527272727,4.418181818,7.527272727,6.127272727,8.272727273,10.6,3.009090909,8.081818182,7.645454546,6.427272727,5.927272727,5.627272727,5.481818182
3-Feb,7.25,9.116666667,7.583333333,7.633333333,8.957142857,11.15714286,8.314285714,6.671428571,5.457142857,5.9375,4.475,5.375,6.55,9.2,6.188888889,8.944444444,12.15454545,9.1,7.181818182,6.354545455,6.790909091,4.418181818,7.572727273,6.2,8.3,10.60909091,3.009090909,8.118181818,7.654545455,6.454545455,6.536363636,5.618181818,6.063636364
4-Feb,7.416666667,9.133333333,7.633333333,7.633333333,9.014285714,11.18571429,8.328571429,6.671428571,5.457142857,6.0375,4.475,5.45,6.85,9.244444444,6.222222222,8.977777778,12.52727273,9.109090909,7.281818182,6.554545455,6.981818182,4.418181818,7.7,6.218181818,8.318181818,10.61818182,3.009090909,8.136363636,7.718181818,6.745454546,6.527272727,5.609090909,6.572727273
5-Feb,7.633333333,9.233333333,7.9,7.633333333,9.071428571,11.21428571,8.342857143,6.7,5.471428571,6.0375,4.5625,5.5,7.2,9.288888889,6.388888889,9.011111111,12.84545455,9.118181818,7.290909091,6.681818182,6.981818182,4.427272727,7.8,6.3,8.418181818,10.62727273,3.018181818,8.272727273,7.954545455,6.781818182,6.636363636,5.618181818,6.581818182
6-Feb,7.683333333,9.233333333,7.983333333,7.65,9.085714286,11.25714286,8.471428571,6.8,5.471428571,6.05,4.575,5.6,7.2125,9.333333333,6.255555556,9.055555556,12.97272727,9.127272727,7.309090909,7.036363636,7.054545455,4.427272727,7.918181818,6.290909091,8.427272727,10.63636364,3.136363636,8.390909091,7.981818182,6.936363636,6.645454546,5.645454546,6.663636364
7-Feb,7.716666667,9.3,8.016666667,7.65,9.114285714,11.55714286,8.485714286,6.857142857,5.471428571,6.0625,4.6,5.7625,7.2375,9.377777778,6.355555556,9.066666667,13.11818182,9.118181818,7.336363636,7.336363636,7.254545455,4.454545455,8,6.254545455,8.509090909,10.64545455,3.245454546,8.518181818,8.309090909,6.963636364,6.654545455,5.627272727,6.754545455
8-Feb,7.733333333,9.4,8.216666667,7.65,9.142857143,11.64285714,8.571428571,6.914285714,5.471428571,6.175,4.6125,5.7875,7.35,9.7,6.344444444,9.022222222,13.43636364,9.136363636,7.763636364,7.563636364,7.281818182,4.454545455,8.154545455,6.2,8.518181818,10.92727273,3.281818182,8.518181818,8.754545455,6.963636364,6.763636364,5.645454546,7.2
9-Feb,7.8,9.5,8.683333333,7.8,9.142857143,11.65714286,8.642857143,6.928571429,5.485714286,6.6125,4.7,5.8625,7.3375,9.744444444,6.333333333,9.033333333,13.55454545,9.3,7.818181818,7.945454546,7.4,4.463636364,8.409090909,6.154545455,8.518181818,11.01818182,3.290909091,8.636363636,8.781818182,6.972727273,6.736363636,5.763636364,7.263636364
10-Feb,7.833333333,9.683333333,8.716666667,7.95,9.157142857,11.7,8.671428571,6.957142857,5.514285714,6.725,4.775,5.925,7.3625,9.722222222,6.322222222,9.022222222,13.60909091,9.4,7.863636364,8.009090909,7.509090909,4.609090909,8.709090909,6.154545455,8.518181818,10.99090909,3.290909091,8.627272727,8.827272727,7,6.7,5.827272727,7.381818182
11-Feb,7.883333333,9.883333333,8.8,8.1,9.171428571,11.77142857,8.671428571,7.057142857,5.728571429,6.775,4.8125,5.975,7.375,9.811111111,6.222222222,9.033333333,13.62727273,9.7,7.9,8.054545455,7.572727273,4.736363636,8.881818182,6.290909091,8.518181818,10.94545455,3.645454546,8.627272727,9.027272727,7.054545455,6.736363636,5.9,7.572727273
12-Feb,7.916666667,9.966666667,8.9,8.633333333,9.2,11.77142857,8.7,7.1,5.842857143,6.7875,4.8125,6,7.7,9.988888889,6.3,9.077777778,13.68181818,9.736363636,7.918181818,8.072727273,7.590909091,5.018181818,8.881818182,6.509090909,8.518181818,11.01818182,3.709090909,8.627272727,9.136363636,7.063636364,6.845454546,5.927272727,7.590909091
13-Feb,7.933333333,10,8.95,9.166666667,9.2,11.81428571,8.757142857,7.228571429,6.028571429,6.8,4.8125,6.0875,7.7125,10.05555556,6.388888889,9.022222222,13.70909091,9.845454546,7.981818182,8.072727273,7.790909091,5.081818182,8.981818182,6.554545455,8.509090909,11.12727273,3.918181818,8.663636364,9.254545455,7.154545455,6.854545455,5.954545455,7.618181818
14-Feb,8.216666667,9.966666667,8.966666667,9.466666667,9.214285714,11.94285714,8.8,7.271428571,6.2,7,4.85,6.3125,7.8375,10.03333333,6.366666667,9.277777778,13.73636364,9.854545455,8.109090909,8.054545455,7.881818182,5.118181818,9.090909091,6.563636364,8.454545455,11.47272727,3.963636364,8.854545455,9.309090909,7.4,6.872727273,6.072727273,7.627272727
15-Feb,8.316666667,10.16666667,9.166666667,10.38333333,9.171428571,11.95714286,8.842857143,7.3,6.271428571,7.025,4.9875,6.4125,7.8625,10.06666667,6.422222222,9.466666667,13.88181818,9.890909091,8.118181818,8.027272727,7.918181818,5.154545455,9.163636364,6.590909091,8.5,11.48181818,4.009090909,9.390909091,9.336363636,7.645454546,6.827272727,6.2,7.654545455
16-Feb,8.316666667,10.53333333,9.233333333,10.36666667,9.142857143,11.97142857,8.9,7.342857143,6.285714286,7.025,5.075,6.4375,7.8875,10.13333333,6.377777778,9.544444444,13.99090909,9.945454546,8.145454546,8.009090909,7.909090909,5.190909091,9.172727273,6.7,8.545454546,11.50909091,4.190909091,9.545454546,9.354545455,7.736363636,6.854545455,6.690909091,7.727272727
17-Feb,8.783333333,11,9.266666667,10.38333333,9.142857143,12.02857143,9.071428571,7.357142857,6.328571429,7.0375,5.175,6.675,7.9125,10.53333333,6.322222222,9.588888889,14.01818182,9.981818182,8.181818182,7.990909091,7.890909091,5.254545455,9.145454546,6.854545455,8.518181818,11.54545455,4.209090909,9.645454546,9.472727273,7.9,6.954545455,6.718181818,7.827272727
18-Feb,8.833333333,11.2,9.333333333,10.41666667,9.171428571,12.05714286,9.1,7.485714286,6.514285714,7.0375,5.2,6.7625,8.0625,10.53333333,6.488888889,9.566666667,14.09090909,10.01818182,8.236363636,7.972727273,7.9,5.272727273,9.118181818,6.918181818,8.490909091,11.58181818,4.209090909,9.763636364,9.490909091,8.072727273,6.972727273,6.809090909,7.854545455
19-Feb,8.833333333,11.4,9.616666667,10.43333333,9.328571429,12.08571429,9.171428571,7.514285714,6.571428571,7.1,5.2625,7.225,8.1125,10.68888889,6.588888889,9.644444444,14.10909091,10.03636364,8.3,7.972727273,7.927272727,5.281818182,9.090909091,6.936363636,8.445454546,11.58181818,4.209090909,10.06363636,9.5,8.145454546,6.981818182,6.818181818,7.936363636
20-Feb,8.866666667,12.2,9.616666667,10.45,9.385714286,12.11428571,9.214285714,7.557142857,6.571428571,7.1125,5.3,7.325,8.325,10.87777778,6.5,9.722222222,14.14545455,10.03636364,8.618181818,8.454545455,8.018181818,5.309090909,9.2,6.945454546,8.409090909,11.67272727,4.518181818,10.3,9.518181818,8.218181818,7.009090909,6.809090909,7.936363636
21-Feb,8.916666667,13.06666667,9.683333333,10.46666667,9.814285714,12.62857143,9.228571429,7.614285714,6.557142857,7.125,5.7,7.3625,8.325,10.92222222,6.477777778,9.666666667,14.17272727,10.04545455,8.854545455,8.545454546,8.054545455,5.7,9.2,7.018181818,8.327272727,11.67272727,4.545454546,10.37272727,9.545454546,8.263636364,7.009090909,6.818181818,7.945454546
22-Feb,8.933333333,13.18333333,9.75,10.46666667,10.15714286,12.77142857,9.242857143,7.7,6.542857143,7.2,5.75,7.55,8.725,10.96666667,6.466666667,9.722222222,14.32727273,10.03636364,9.245454546,8.545454546,8.145454546,5.763636364,9.236363636,7.1,8.3,11.7,4.681818182,10.53636364,9.554545455,8.263636364,7.072727273,6.745454546,7.954545455
23-Feb,9.033333333,13.38333333,9.9,10.46666667,10.35714286,12.88571429,9.314285714,7.742857143,6.542857143,7.2375,5.825,7.7375,8.725,11.11111111,6.466666667,9.733333333,14.41818182,10.08181818,9.309090909,8.572727273,8.190909091,5.827272727,9.236363636,7.827272727,8.772727273,11.67272727,4.881818182,10.91818182,9.645454546,8.254545455,7.309090909,6.972727273,7.963636364
24-Feb,9.333333333,13.51666667,9.983333333,10.46666667,10.4,13.24285714,9.414285714,7.7,6.542857143,7.35,5.85,7.8,8.8875,11.4,6.488888889,9.8,14.48181818,10.42727273,9.390909091,8.581818182,8.290909091,5.981818182,9.2,8.181818182,9.081818182,11.79090909,4.963636364,10.99090909,9.936363636,8.245454546,7.7,6.990909091,7.963636364
25-Feb,9.383333333,13.68333333,10.08333333,10.45,10.42857143,13.5,9.728571429,7.657142857,6.642857143,7.3625,5.9,7.975,9.075,11.4,6.444444444,9.811111111,14.90909091,10.39090909,9.5,8.654545455,8.354545455,6.254545455,9.145454546,8.2,9.127272727,11.85454545,4.981818182,11.03636364,9.990909091,8.254545455,7.727272727,7.027272727,7.945454546
26-Feb,9.483333333,13.78333333,10.08333333,10.43333333,10.44285714,13.7,9.871428571,7.514285714,6.585714286,7.375,6.0875,8.425,9.1125,11.57777778,6.433333333,9.888888889,15.05454545,10.34545455,9.681818182,8.836363636,8.354545455,6.318181818,9.090909091,8.472727273,9.172727273,11.9,5,11.06363636,10.02727273,8.390909091,7.763636364,7.072727273,7.954545455
27-Feb,9.533333333,13.8,10.11666667,10.41666667,10.58571429,13.82857143,9.914285714,7.4,6.714285714,7.8375,6.1,8.65,9.1625,11.71111111,6.522222222,10.05555556,15.1,10.31818182,9.718181818,8.918181818,8.336363636,6.563636364,9.090909091,8.663636364,9.163636364,11.90909091,5.009090909,11.06363636,10.05454545,8.4,7.736363636,7.145454546,8.018181818
28-Feb,9.566666667,13.81666667,10.16666667,10.48333333,10.58571429,13.98571429,9.942857143,7.3,6.828571429,8.0625,6.0875,8.7875,9.175,11.8,6.522222222,10.11111111,15.10909091,10.31818182,9.790909091,8.927272727,8.4,6.572727273,9.227272727,8.881818182,9.145454546,11.99090909,4.981818182,11.1,10.1,8.4,7.809090909,7.163636364,8.418181818
29-Feb,9.6,,,,10.7,,,,6.9,,,,9.325,,,,15.12727273,,,,8.672727273,,,,9.136363636,,,,10.10909091,,,,8.445454546
1-Mar,9.583333333,14.28333333,10.38333333,10.65,10.74285714,14.14285714,9.957142857,7.185714286,7.028571429,8.4375,6.0875,9.1875,9.4,11.83333333,6.477777778,10.15555556,15.17272727,10.31818182,9.945454546,8.936363636,8.718181818,6.663636364,9.309090909,9.172727273,9.1,12.66363636,4.981818182,11.14545455,10.10909091,8.427272727,7.790909091,7.227272727,8.436363636
2-Mar,9.566666667,14.76666667,10.41666667,11.31666667,10.8,14.18571429,9.985714286,7.171428571,7.057142857,8.5125,6.125,9.3625,9.45,12.05555556,6.233333333,10.11111111,15.3,10.26363636,9.981818182,8.927272727,8.781818182,6.718181818,9.7,9.572727273,9.027272727,12.7,4.945454546,11.4,10.17272727,8.454545455,7.836363636,7.254545455,8.409090909
3-Mar,9.6,14.81666667,10.43333333,11.95,10.82857143,14.11428571,10.04285714,7.1,7.271428571,8.525,6.15,9.4875,9.8125,12.02222222,6.322222222,10.2,15.62727273,10.17272727,10.01818182,8.936363636,8.818181818,6.763636364,9.836363636,9.890909091,9,12.71818182,4.890909091,11.88181818,10.26363636,8.454545455,7.818181818,7.245454546,8.427272727
4-Mar,10.05,14.81666667,10.45,12.11666667,10.84285714,14.14285714,10.1,7.085714286,7.285714286,8.525,6.2625,9.5625,9.975,12.03333333,6.311111111,10.23333333,15.78181818,10.12727273,10.01818182,8.954545455,8.890909091,6.836363636,9.881818182,9.936363636,8.936363636,12.70909091,4.818181818,12.34545455,10.26363636,8.490909091,7.745454546,7.263636364,8.6
5-Mar,10.7,14.81666667,10.45,12.33333333,10.88571429,14.18571429,10.18571429,7.1,7.271428571,8.575,6.3,9.6875,10.025,12.11111111,6.233333333,10.44444444,15.9,10.05454545,10.03636364,8.963636364,8.9,7.027272727,9.936363636,10,8.818181818,12.70909091,4.781818182,12.50909091,10.25454545,8.881818182,7.809090909,7.281818182,8.563636364
6-Mar,10.83333333,14.85,10.45,12.76666667,11.27142857,14.2,10.2,7.114285714,7.357142857,8.6,6.3875,9.8125,10.2625,12.21111111,6.177777778,10.51111111,16.05454545,9.963636364,10.05454545,9,8.918181818,7.054545455,9.963636364,10.00909091,8.754545455,12.7,4.790909091,12.59090909,10.26363636,8.954545455,7.881818182,7.227272727,8.509090909
7-Mar,10.9,14.88333333,10.45,13.38333333,11.54285714,14.14285714,10.68571429,7.214285714,7.442857143,8.675,6.4125,9.8625,10.2875,12.17777778,6.155555556,10.52222222,16.10909091,10.07272727,10.06363636,9.1,8.881818182,7.063636364,9.990909091,10.01818182,8.7,12.85454545,4.790909091,12.90909091,10.26363636,8.945454546,8.309090909,7.190909091,8.509090909
8-Mar,11,14.86666667,10.5,13.38333333,11.54285714,14.02857143,10.88571429,7.5,7.942857143,9.0875,6.45,9.875,10.2625,12.21111111,6.077777778,10.52222222,16.22727273,10.15454545,10.36363636,9.6,8.854545455,7.063636364,10.60909091,10.02727273,8.672727273,12.85454545,4.790909091,13.18181818,10.23636364,8.945454546,8.5,7.145454546,8.554545455
9-Mar,11.26666667,14.9,10.65,13.38333333,11.55714286,13.94285714,10.94285714,7.614285714,7.957142857,9.2125,6.8125,9.875,10.175,12.27777778,6.3,10.51111111,16.22727273,10.14545455,10.82727273,9.727272727,8.918181818,7.136363636,10.67272727,10.03636364,8.563636364,12.81818182,4.772727273,13.46363636,10.3,8.927272727,8.518181818,7.118181818,8.7
10-Mar,11.33333333,14.81666667,10.65,13.48333333,11.5,13.88571429,10.95714286,7.657142857,8.085714286,9.2125,6.75,9.9,10.175,12.37777778,6.4,10.51111111,16.28181818,10.14545455,10.9,9.745454546,8.990909091,7.681818182,10.72727273,10.01818182,8.527272727,12.69090909,4.763636364,13.49090909,10.31818182,8.981818182,8.745454546,7.081818182,8.727272727
11-Mar,11.43333333,15.03333333,10.65,13.53333333,11.45714286,13.81428571,10.95714286,7.614285714,8.2,9.75,6.8,9.8875,10.1375,12.34444444,6.555555556,10.58888889,16.30909091,10.20909091,11.24545455,9.754545455,9.054545455,7.763636364,10.72727273,9.981818182,8.472727273,12.50909091,4.781818182,13.5,10.3,9.009090909,8.863636364,7.5,8.763636364
12-Mar,11.48333333,15.23333333,10.76666667,13.55,11.35714286,13.72857143,10.97142857,7.614285714,8.285714286,10.1375,6.775,9.875,10.0625,12.33333333,6.877777778,10.57777778,16.36363636,10.19090909,11.29090909,9.709090909,9.218181818,7.8,10.76363636,9.918181818,8.354545455,12.4,4.781818182,13.84545455,10.25454545,9.027272727,8.936363636,7.772727273,8.745454546
13-Mar,11.5,15.33333333,10.98333333,13.63333333,11.25714286,13.7,11.04285714,7.757142857,8.442857143,10.225,6.6875,9.8125,10.0375,12.26666667,7.1,10.61111111,16.39090909,10.20909091,11.38181818,9.654545455,9.227272727,7.8,10.79090909,9.9,8.318181818,12.3,4.781818182,14.66363636,10.23636364,9.036363636,9.027272727,7.927272727,8.763636364
14-Mar,11.45,15.38333333,11.01666667,13.68333333,11.25714286,13.52857143,10.98571429,7.728571429,8.457142857,10.25,6.6,9.75,9.9625,12.22222222,7.2,10.46666667,16.59090909,10.24545455,11.37272727,9.636363636,9.172727273,7.772727273,10.78181818,9.981818182,8.272727273,12.19090909,4.781818182,15.50909091,10.63636364,9.627272727,9.009090909,7.936363636,9.009090909
15-Mar,11.35,15.55,11.01666667,13.66666667,11.67142857,13.48571429,11,7.771428571,8.514285714,10.45,6.6375,9.6375,10.025,12.61111111,7.344444444,10.38888889,16.78181818,10.27272727,11.97272727,9.581818182,9.109090909,7.690909091,10.82727273,9.981818182,8.354545455,12.07272727,4.772727273,15.6,10.63636364,10.15454545,9.054545455,7.927272727,10.32727273
16-Mar,11.25,15.71666667,10.96666667,13.63333333,11.8,13.4,11.02857143,7.771428571,8.714285714,10.4625,6.625,9.45,10.0375,12.64444444,7.344444444,10.25555556,16.81818182,10.18181818,12.02727273,9.536363636,9.036363636,7.654545455,10.91818182,9.918181818,8.4,11.92727273,4.854545455,15.62727273,10.62727273,10.28181818,9.045454546,8.036363636,10.73636364
17-Mar,11.2,15.8,10.93333333,13.63333333,11.82857143,13.27142857,11.1,7.757142857,8.785714286,10.6875,6.7,9.6,10.0375,12.78888889,7.444444444,10.1,16.90909091,10.08181818,12.08181818,9.472727273,8.936363636,7.745454546,10.91818182,9.709090909,8.481818182,11.75454545,4.863636364,15.66363636,10.58181818,10.60909091,9.172727273,8.563636364,10.96363636
18-Mar,11.2,15.88333333,10.93333333,13.63333333,12.2,13.11428571,11.12857143,7.728571429,8.828571429,10.9875,6.7375,10.0125,9.9,12.84444444,7.488888889,9.866666667,16.99090909,9.981818182,12.10909091,9.454545455,8.809090909,7.845454546,10.89090909,9.627272727,8.481818182,11.62727273,4.881818182,15.66363636,10.54545455,10.63636364,9.563636364,8.7,11.04545455
19-Mar,11.21666667,16.06666667,10.83333333,13.56666667,12.32857143,13.01428571,11.92857143,7.9,8.957142857,11.175,6.75,11.1625,9.7375,12.84444444,7.611111111,9.655555556,17.01818182,9.909090909,12.11818182,9.445454546,8.854545455,7.890909091,10.9,9.736363636,8.472727273,11.29090909,4.963636364,15.64545455,10.49090909,10.67272727,9.545454546,8.709090909,11.01818182
20-Mar,11.31666667,16.05,10.78333333,13.58333333,12.4,12.8,11.94285714,7.942857143,9.1,11.2125,6.775,12.025,9.5125,12.97777778,7.677777778,9.511111111,17.06363636,9.818181818,12.83636364,9.318181818,8.8,7.890909091,10.92727273,10.00909091,8.463636364,11.01818182,5.009090909,15.67272727,10.82727273,10.64545455,9.563636364,8.718181818,10.98181818
21-Mar,11.3,16.01666667,11.03333333,13.55,12.42857143,12.52857143,11.95714286,7.942857143,9.3,11.1625,6.7125,12.2375,9.275,13.28888889,7.988888889,9.3,17.1,9.745454546,12.90909091,9.209090909,8.845454546,7.927272727,10.93636364,10.02727273,8.472727273,10.71818182,5.018181818,15.66363636,11,10.59090909,9.563636364,9.109090909,10.98181818
22-Mar,11.6,16,11.03333333,13.43333333,12.42857143,12.27142857,11.9,7.857142857,9.457142857,11.0625,6.5375,12.325,9.0125,13.4,8.155555556,9.077777778,17.14545455,9.654545455,13.03636364,9.136363636,8.772727273,8.145454546,10.90909091,10.01818182,8.454545455,10.53636364,5.027272727,15.77272727,11.09090909,10.74545455,9.963636364,9.472727273,10.94545455
23-Mar,11.75,15.98333333,10.98333333,13.48333333,12.5,12.01428571,11.74285714,7.657142857,9.942857143,11.0875,6.4,12.4125,8.725,13.45555556,8.3,9.166666667,17.15454545,9.627272727,13.05454545,9.209090909,8.663636364,8.172727273,10.9,9.909090909,8.5,10.28181818,5.027272727,15.96363636,11.14545455,10.88181818,10.05454545,9.936363636,10.87272727
24-Mar,11.88333333,15.91666667,10.96666667,13.51666667,12.54285714,11.68571429,11.6,7.614285714,9.957142857,11.3375,6.2,12.3375,8.5125,13.63333333,8.388888889,9.111111111,17.16363636,9.736363636,13.32727273,9.245454546,8.490909091,8.363636364,10.89090909,9.872727273,8.745454546,10.41818182,5.190909091,15.98181818,11.23636364,11.45454545,10.14545455,9.990909091,10.95454545
25-Mar,11.95,15.86666667,11.25,13.53333333,12.62857143,11.92857143,11.27142857,7.642857143,9.814285714,11.4125,6.0875,12.4125,8.15,13.83333333,8.444444444,9.777777778,17.16363636,9.827272727,13.58181818,9.227272727,8.236363636,8.354545455,10.82727273,9.854545455,8.818181818,11.23636364,5.154545455,16.05454545,11.16363636,11.83636364,10.06363636,10.09090909,11.82727273
26-Mar,11.95,15.73333333,11.58333333,13.98333333,12.48571429,12.02857143,10.97142857,7.614285714,9.714285714,11.4,6.2,12.4,7.7875,14.1,8.488888889,9.711111111,17.06363636,10.01818182,13.73636364,9.245454546,8.018181818,8.418181818,10.75454545,9.990909091,8.936363636,11.27272727,5.090909091,16.05454545,11.1,11.98181818,10.02727273,10.07272727,12.07272727
27-Mar,12,16.08333333,12.18333333,14.21666667,12.55714286,12.04285714,11.04285714,7.542857143,9.571428571,11.6125,6.2125,12.6125,7.525,14.14444444,8.311111111,9.566666667,16.95454545,10.69090909,13.94545455,9.354545455,7.763636364,8.454545455,10.88181818,10.01818182,9.327272727,11.37272727,5.081818182,15.87272727,11.06363636,12.07272727,9.863636364,10.07272727,12.10909091
28-Mar,12.2,17.08333333,12.45,14.35,12.44285714,11.74285714,11.21428571,7.471428571,9.557142857,11.65,6.05,12.7375,7.6125,14.3,8.311111111,9.544444444,16.83636364,10.87272727,14.04545455,9.5,7.527272727,8.381818182,11.13636364,9.818181818,9.381818182,11.35454545,5.427272727,15.64545455,11.17272727,12.04545455,9.681818182,10.03636364,12.2
29-Mar,12.53333333,17.28333333,12.58333333,14.68333333,12.21428571,11.62857143,11.4,7.342857143,9.657142857,11.7125,5.875,12.7625,7.6125,14.34444444,8.455555556,9.466666667,16.67272727,10.95454545,14.12727273,9.681818182,7.272727273,8.263636364,11.10909091,9.554545455,9.363636364,11.95454545,5.481818182,15.45454545,11.17272727,12.07272727,9.527272727,10.14545455,12.23636364
30-Mar,12.66666667,17.46666667,12.63333333,15.08333333,11.97142857,11.62857143,11.47142857,7.242857143,9.642857143,11.825,5.675,12.7125,7.7875,14.4,8.555555556,9.544444444,16.57272727,10.98181818,14.10909091,9.7,7.036363636,8.154545455,11.09090909,9.354545455,9.318181818,12.17272727,5.518181818,15.42727273,11.19090909,12.07272727,10.06363636,10.18181818,12.24545455
31-Mar,12.71666667,17.76666667,12.65,15.26666667,11.74285714,11.72857143,11.65714286,7.085714286,10.28571429,11.9,5.45,12.725,7.75,14.64444444,8.622222222,9.644444444,16.55454545,11.01818182,14.06363636,9.754545455,6.772727273,7.918181818,11.05454545,9.172727273,9.363636364,12.13636364,5.436363636,15.48181818,11.22727273,12.04545455,10.11818182,10.16363636,12.19090909
1-Apr,13.2,17.83333333,12.68333333,15.4,11.51428571,11.64285714,11.94285714,6.971428571,10.95714286,11.7875,5.1875,12.675,7.6125,14.96666667,8.722222222,9.722222222,16.65454545,11.12727273,14,9.709090909,6.436363636,7.745454546,11.00909091,8.945454546,9.645454546,12.52727273,5.254545455,15.66363636,11.13636364,11.97272727,10.2,10.2,12.33636364
2-Apr,13.26666667,17.9,12.76666667,15.45,11.35714286,11.71428571,12.01428571,7.1,11.05714286,11.575,4.975,12.6875,7.4,15.06666667,8.755555556,9.766666667,16.63636364,11.23636364,13.97272727,9.554545455,6.109090909,7.618181818,11.00909091,8.781818182,9.663636364,12.71818182,5.136363636,15.72727273,11.00909091,11.83636364,10.33636364,10.25454545,12.59090909
3-Apr,13.31666667,18.23333333,13.25,15.45,11.18571429,11.78571429,12.5,7.928571429,11.41428571,11.3375,4.7375,12.5875,8.0875,15.02222222,8.7,9.566666667,16.56363636,11.39090909,13.94545455,9.381818182,6.3,7.709090909,10.99090909,8.763636364,9.663636364,12.8,5.009090909,15.70909091,10.94545455,11.63636364,10.21818182,10.11818182,12.62727273
4-Apr,13.21666667,18.85,13.33333333,15.45,11.38571429,11.81428571,12.67142857,7.971428571,11.44285714,10.925,4.5,12.375,8.7625,14.98888889,8.688888889,9.488888889,16.60909091,11.57272727,13.96363636,9.636363636,7.018181818,7.663636364,11.30909091,8.763636364,9.518181818,13.16363636,4.909090909,15.74545455,10.94545455,11.36363636,10.55454545,9.954545455,12.50909091
5-Apr,13.15,18.85,13.56666667,15.46666667,11.87142857,12.1,12.6,8.2,11.35714286,10.65,4.175,12.2875,8.8375,14.93333333,8.533333333,9.288888889,16.6,11.80909091,13.94545455,9.663636364,6.963636364,7.481818182,11.5,8.654545455,9.445454546,14.1,4.772727273,15.70909091,10.86363636,11.03636364,10.64545455,9.927272727,12.33636364
6-Apr,13.23333333,19.03333333,13.96666667,15.43333333,11.87142857,12.3,12.51428571,8.128571429,11.07142857,10.4625,3.9125,12.275,8.9375,15.21111111,8.511111111,9.211111111,16.42727273,11.80909091,13.81818182,9.627272727,6.854545455,7.345454546,11.67272727,8.509090909,9.409090909,14.14545455,4.7,15.58181818,10.71818182,10.66363636,10.60909091,9.990909091,12.23636364
7-Apr,13.18333333,19.2,14.1,15.38333333,11.72857143,12.37142857,12.51428571,8.014285714,10.94285714,11.0875,3.7,12.325,9.05,15.2,8.6,9.188888889,16.33636364,11.85454545,13.76363636,9.6,6.690909091,7.218181818,11.82727273,8.363636364,9.318181818,14.06363636,4.918181818,15.30909091,10.40909091,10.39090909,10.61818182,9.990909091,12.41818182
8-Apr,13.05,19.35,14.33333333,15.33333333,11.74285714,12.34285714,12.62857143,7.885714286,10.8,11.1625,3.6625,12.3875,9.25,15.02222222,8.788888889,9.122222222,16.36363636,11.8,13.70909091,9.718181818,6.490909091,7.172727273,11.89090909,8.163636364,9.090909091,13.93636364,5.263636364,15.07272727,10.13636364,10.1,10.45454545,9.890909091,12.46363636
9-Apr,12.93333333,19.43333333,14.43333333,15.31666667,11.42857143,12.41428571,12.8,7.785714286,10.51428571,11.15,3.525,12.6,9.5375,15.06666667,8.711111111,9.5,16.34545455,11.60909091,13.61818182,9.636363636,6.3,7.072727273,11.71818182,8.027272727,8.990909091,13.78181818,5.318181818,14.74545455,9.936363636,9.8,10.20909091,9.845454546,12.46363636
10-Apr,12.75,19.43333333,14.83333333,15.78333333,11.22857143,12.4,12.88571429,7.6,10.08571429,11.05,3.2,12.3875,9.95,14.91111111,8.511111111,9.533333333,16.5,11.48181818,13.41818182,9.636363636,5.9,7.5,11.59090909,7.845454546,8.945454546,13.63636364,5.263636364,14.48181818,9.718181818,9.463636364,10.18181818,9.727272727,12.44545455
11-Apr,12.5,19.26666667,15.26666667,16.15,11.21428571,12.58571429,12.75714286,7.585714286,10.21428571,11.2125,3.0875,12.075,10.4,15.68888889,8.333333333,9.811111111,16.72727273,11.4,13.07272727,9.627272727,5.536363636,7.609090909,11.4,7.754545455,8.818181818,13.54545455,5.218181818,14.81818182,9.581818182,9.145454546,10.01818182,9.318181818,12.27272727
12-Apr,12.2,19.11666667,15.41666667,16.26666667,11.27142857,12.88571429,12.41428571,7.614285714,10.48571429,11.7,3.075,11.825,10.6,15.78888889,8.377777778,9.766666667,16.98181818,11.6,12.76363636,9.563636364,5.290909091,7.681818182,11.13636364,7.581818182,8.881818182,13.37272727,5.118181818,14.86363636,9.4,8.772727273,9.927272727,8.781818182,11.90909091
13-Apr,11.85,19.13333333,15.51666667,16.21666667,11.21428571,13.04285714,12.41428571,7.471428571,10.37142857,11.85,3.0375,11.6875,10.6375,15.75555556,8.155555556,10.35555556,17.05454545,12.30909091,12.54545455,9.5,5.154545455,7.681818182,10.93636364,7.390909091,8.918181818,13.15454545,5.045454546,14.93636364,9.409090909,8.481818182,9.927272727,8.281818182,11.43636364
14-Apr,11.4,19.13333333,15.46666667,16.1,11.54285714,13.18571429,12.41428571,7.8,10.05714286,11.8125,2.875,11.3125,10.5375,15.48888889,7.844444444,10.76666667,17.03636364,12.37272727,12.25454545,9.427272727,5.027272727,7.754545455,11.31818182,7.054545455,8.890909091,12.77272727,5.127272727,15.02727273,9.445454546,8.6,9.881818182,8,10.95454545
15-Apr,10.91666667,19.23333333,15.43333333,16,11.65714286,13.42857143,12.42857143,7.871428571,9.771428571,11.75,2.6125,10.975,10.375,15.24444444,7.566666667,10.85555556,16.95454545,12.36363636,11.90909091,9.536363636,5.081818182,8.045454546,11.39090909,6.527272727,8.745454546,12.37272727,5.1,14.92727273,9.490909091,8.490909091,9.827272727,8.081818182,10.48181818
16-Apr,10.61666667,19.31666667,15.36666667,16.03333333,11.67142857,13.38571429,12.57142857,7.971428571,9.957142857,11.4875,2.4,11.2375,10.15,15.08888889,7.711111111,10.67777778,16.67272727,12.24545455,11.5,9.454545455,5.263636364,8.127272727,11.37272727,6.327272727,9.127272727,12.03636364,5.018181818,14.74545455,9.436363636,8.509090909,9.745454546,8.072727273,10.24545455
17-Apr,10.38333333,19.45,15.26666667,16.1,11.58571429,13.24285714,12.71428571,8.071428571,9.814285714,11.075,2.3875,11.0625,9.7625,14.8,7.544444444,10.83333333,16.59090909,12.29090909,11.4,9.290909091,5.245454546,8.081818182,11.76363636,7.145454546,10.2,11.55454545,4.927272727,14.47272727,9.636363636,8.818181818,9.190909091,7.845454546,10.27272727
18-Apr,10.23333333,19.51666667,15.15,16.3,11.45714286,13,12.78571429,8.042857143,9.442857143,10.575,2.3625,10.7625,9.5875,14.54444444,7.222222222,10.94444444,16.85454545,13.7,11.56363636,9,4.836363636,8.4,11.59090909,7.872727273,10.32727273,11.11818182,4.936363636,14.38181818,9.618181818,8.990909091,8.827272727,7.618181818,9.936363636
19-Apr,10.28333333,19.73333333,14.86666667,16.66666667,11.72857143,12.68571429,12.95714286,7.942857143,9.042857143,10.2125,2.25,10.65,9.3875,14.05555556,7.044444444,11,16.88181818,13.91818182,11.34545455,8.927272727,4.472727273,8.481818182,11.25454545,7.963636364,11.11818182,10.52727273,4.836363636,14.05454545,9.636363636,9.054545455,8.218181818,7.336363636,9.754545455
20-Apr,10.45,19.86666667,14.68333333,17.18333333,11.74285714,12.34285714,12.94285714,7.785714286,8.942857143,10.125,2.175,11.125,9.2125,13.5,6.877777778,10.73333333,16.67272727,13.9,11.06363636,9.054545455,4.409090909,8.572727273,11.03636364,8.063636364,11.28181818,10.31818182,4.6,13.58181818,9.554545455,9.090909091,7.681818182,7.236363636,9.463636364
21-Apr,10.55,19.8,14.21666667,17.46666667,11.8,12.08571429,12.58571429,7.428571429,8.528571429,10.35,2.1375,11.1875,9,12.98888889,6.688888889,10.51111111,16.21818182,13.73636364,10.78181818,8.972727273,3.945454546,8.618181818,10.93636364,8.090909091,11.31818182,10.2,5.009090909,13.26363636,9.445454546,9.063636364,7.145454546,7.181818182,9.363636364
22-Apr,10.45,19.73333333,13.86666667,17.78333333,11.78571429,12.37142857,12.58571429,7.485714286,8.328571429,10.4375,2.1375,11.2625,8.85,12.65555556,6.466666667,10.48888889,15.80909091,13.30909091,10.42727273,8.909090909,3.445454546,8.554545455,10.60909091,7.990909091,11.06363636,10.3,5.018181818,13.01818182,9.390909091,8.990909091,6.436363636,7.218181818,8.990909091
23-Apr,10.46666667,19.35,13.48333333,18.01666667,11.72857143,12.6,12.17142857,7.671428571,8.7,11.025,2.1,11.375,10.05,12.26666667,6.266666667,10.3,15.21818182,12.98181818,10.42727273,8.772727273,3.109090909,8.536363636,10.3,7.972727273,10.64545455,10.3,4.781818182,13.24545455,9.345454546,8.963636364,6.027272727,7.372727273,8.463636364
24-Apr,10.35,18.93333333,12.86666667,18.3,11.57142857,13.12857143,12.08571429,7.9,8.757142857,11.0375,2.0375,11.925,10.55,11.9,6.022222222,10.32222222,14.72727273,12.62727273,11.16363636,9.318181818,2.836363636,8.690909091,10.00909091,7.718181818,10.31818182,9.836363636,4.590909091,13.10909091,9.327272727,9,6.072727273,7.318181818,8.054545455
25-Apr,10.15,19.43333333,12.4,18.53333333,11.3,13.82857143,11.68571429,8.2,8.642857143,10.95,1.9,12.1,10.6,12.4,5.933333333,11.07777778,14.37272727,12.25454545,11.20909091,9.845454546,2.636363636,8.690909091,9.681818182,7.745454546,9.990909091,9.627272727,4.618181818,12.85454545,9.181818182,8.890909091,6.190909091,7.290909091,7.354545455
26-Apr,9.933333333,19.41666667,12.65,18.66666667,11.15714286,14.01428571,11.65714286,8.271428571,8.414285714,10.7375,1.9,11.8875,10.6875,12.96666667,5.855555556,11.14444444,14.13636364,11.94545455,11.27272727,9.881818182,2.445454546,8.718181818,9.181818182,7.627272727,9.945454546,9.945454546,4.381818182,12.44545455,8.809090909,8.636363636,6.290909091,7.809090909,6.963636364
27-Apr,9.683333333,18.86666667,12.78333333,18.78333333,10.91428571,14.08571429,12.25714286,8.371428571,8,10.3625,2.0125,11.4125,10.4625,12.93333333,5.644444444,10.94444444,13.89090909,11.79090909,11.17272727,10.01818182,2.436363636,8.663636364,9.027272727,8.327272727,9.945454546,9.963636364,4.072727273,12.10909091,8.363636364,8.236363636,5.981818182,8.163636364,6.872727273
28-Apr,9.316666667,18.36666667,13.2,18.71666667,10.75714286,13.95714286,12.2,8.014285714,7.428571429,9.975,2.0125,11.15,10.3125,12.95555556,5.322222222,10.62222222,13.58181818,11.5,10.93636364,10.04545455,2.463636364,8.463636364,9.309090909,8.5,9.927272727,10.17272727,3.645454546,11.60909091,7.872727273,8.1,5.909090909,8.163636364,7.427272727
29-Apr,8.783333333,17.85,13.3,18.56666667,10.75714286,14,12.02857143,8.142857143,7.057142857,9.6375,1.975,10.575,10.0125,13.05555556,5.688888889,10.33333333,13.3,11.18181818,10.63636364,10.01818182,2.363636364,7.909090909,9.4,8.272727273,10.47272727,10.44545455,3.290909091,11.46363636,7.363636364,8.1,5.572727273,8.218181818,7.5
30-Apr,8.183333333,17.21666667,14.06666667,18.6,10.7,13.98571429,11.71428571,9.157142857,6.714285714,9.2625,1.9125,10.125,10.375,13.13333333,5.711111111,9.888888889,13.03636364,10.73636364,10.79090909,9.981818182,2.318181818,7.245454546,9.5,8,11.20909091,10.98181818,3.036363636,11.8,6.836363636,7.709090909,5.345454546,8.018181818,7.372727273
1-May,7.75,17.18333333,14.08333333,19.08333333,10.51428571,13.95714286,11.21428571,10.71428571,7.057142857,8.7875,1.75,9.9125,10.625,13.32222222,5.644444444,9.455555556,12.56363636,10.09090909,10.82727273,10,2.136363636,6.772727273,9.481818182,7.645454546,11.40909091,10.90909091,2.809090909,12.13636364,6.381818182,7.063636364,5.018181818,7.609090909,7.145454546
2-May,7.216666667,17.41666667,14.05,19.11666667,10.24285714,14.07142857,10.92857143,11.65714286,6.9,8.2625,1.675,9.65,10.525,13.72222222,5.333333333,9.133333333,12.56363636,9.572727273,10.85454545,10.34545455,2,6.927272727,9.454545455,7.418181818,11.66363636,10.80909091,2.681818182,12.13636364,5.763636364,6.4,4.790909091,7.109090909,6.936363636
3-May,6.816666667,17.36666667,14.03333333,19.46666667,9.914285714,14.14285714,10.51428571,11.92857143,6.428571429,8.025,1.575,9.3625,10.1625,14.18888889,5.133333333,8.911111111,12.56363636,9.509090909,10.83636364,10.49090909,1.781818182,6.909090909,9.1,7.172727273,11.60909091,10.78181818,2.854545455,12.07272727,5.3,5.918181818,4.754545455,6.709090909,6.772727273
4-May,6.5,17.01666667,13.98333333,19.46666667,9.585714286,14.02857143,9.985714286,12.22857143,5.971428571,8.4125,1.4125,9.1625,9.675,14.24444444,4.988888889,8.488888889,12.25454545,9.318181818,10.72727273,10.44545455,1.6,6.6,8.618181818,7.027272727,11.33636364,10.54545455,3.127272727,11.91818182,4.727272727,6.436363636,4.5,6.181818182,6.481818182
5-May,6.2,16.46666667,13.7,19.36666667,9.185714286,13.8,9.528571429,12.37142857,5.514285714,8.7,1.3,9.175,9.2625,14.06666667,4.833333333,8.288888889,11.92727273,9.190909091,10.41818182,10.28181818,1.418181818,6.245454546,8.072727273,6.909090909,10.94545455,10.01818182,2.909090909,11.68181818,4.454545455,6.418181818,4.445454546,5.9,6.127272727
6-May,5.883333333,16.41666667,12.98333333,19.48333333,8.785714286,13.61428571,9.257142857,12.47142857,4.942857143,9.1625,1.2125,9.05,8.5625,14.01111111,4.688888889,8.455555556,11.42727273,8.854545455,9.954545455,9.945454546,1.281818182,6.1,7.409090909,7.2,10.41818182,9.418181818,2.590909091,11.4,4.181818182,6.181818182,4.2,5.718181818,5.781818182
7-May,5.55,16.16666667,12.26666667,19.48333333,8.442857143,13.22857143,9.142857143,12.45714286,4.457142857,9.0125,1.125,8.9375,7.975,13.8,4.522222222,8.766666667,10.98181818,8.154545455,9.590909091,9.581818182,1.263636364,6.227272727,6.8,7.272727273,10.00909091,8.854545455,2.390909091,10.95454545,3.872727273,5.681818182,3.781818182,5.345454546,5.745454546
8-May,5.266666667,16.05,11.7,19.5,8.042857143,12.97142857,8.928571429,12.3,4.042857143,8.85,1.0375,8.7875,7.4125,13.72222222,4.355555556,8.922222222,10.65454545,7.454545455,9.227272727,9.136363636,1.790909091,6.090909091,6.472727273,7.081818182,9.845454546,8.509090909,2.227272727,10.74545455,3.618181818,5.272727273,3.3,5.227272727,5.9
9-May,5.2,16.15,11.18333333,19.86666667,7.585714286,12.68571429,8.771428571,11.97142857,4.414285714,8.525,1.0125,8.8,6.975,13.42222222,4.222222222,8.933333333,10.65454545,6.936363636,8.909090909,8.672727273,1.572727273,6.454545455,6.336363636,6.963636364,9.709090909,8.181818182,2.036363636,11.53636364,3.372727273,5.054545455,2.954545455,4.963636364,5.772727273
10-May,5.183333333,16.26666667,11.88333333,19.83333333,7.128571429,12.61428571,8.528571429,11.38571429,4.257142857,8.0375,0.9125,8.575,6.4625,12.93333333,4.155555556,8.644444444,10.56363636,6.5,8.3,8.318181818,1.354545455,6.836363636,6.281818182,7.763636364,9.790909091,8.427272727,1.881818182,12.29090909,3.118181818,4.909090909,2.563636364,4.6,6.736363636
11-May,5.25,15.86666667,11.85,19.53333333,6.757142857,12.27142857,8.085714286,11.22857143,3.742857143,7.6125,0.8625,8.525,5.9125,12.25555556,3.966666667,8.222222222,10.58181818,6.172727273,7.927272727,7.981818182,1.245454546,6.763636364,6.109090909,7.954545455,9.790909091,8.809090909,1.690909091,12.53636364,2.863636364,4.990909091,2.209090909,4.418181818,7.372727273
12-May,5.033333333,15.38333333,11.33333333,19.33333333,6.285714286,12.01428571,7.685714286,11.15714286,3.428571429,7.1,0.7875,8.175,5.525,12,3.744444444,7.644444444,10.22727273,5.636363636,7.481818182,8.418181818,1.427272727,6.590909091,6.5,7.736363636,9.818181818,8.590909091,1.636363636,12.4,2.972727273,5.009090909,1.990909091,5.045454546,7.981818182
13-May,4.85,14.95,10.88333333,19.56666667,5.914285714,11.87142857,7.328571429,10.95714286,3.357142857,6.5125,0.7875,7.525,5.075,11.55555556,3.411111111,7.077777778,9.681818182,5.1,7.172727273,8.409090909,1.263636364,6.354545455,6.981818182,7.445454546,9.463636364,7.854545455,1.618181818,12.07272727,2.863636364,4.718181818,1.854545455,4.881818182,8.063636364
14-May,4.483333333,14.36666667,10.63333333,19.6,5.514285714,11.37142857,6.828571429,10.5,3.257142857,5.8875,0.7875,7.075,5,11.18888889,3.055555556,6.622222222,9.909090909,4.618181818,7.027272727,8.090909091,1.336363636,5.945454546,7.081818182,7.336363636,8.981818182,7.045454546,1.572727273,11.68181818,2.663636364,4.281818182,1.763636364,4.836363636,7.763636364
15-May,4.133333333,13.86666667,10.18333333,19.06666667,5.171428571,10.87142857,6.642857143,9.957142857,2.985714286,5.2625,0.7375,6.4125,4.675,10.75555556,3.066666667,6.233333333,10.03636364,4.245454546,7.345454546,7.936363636,1.209090909,5.490909091,7.036363636,7.145454546,8.472727273,6.4,1.554545455,11.22727273,2.490909091,3.872727273,1.672727273,4.563636364,7.4
16-May,3.766666667,13.18333333,9.65,18.51666667,4.728571429,10.37142857,6.385714286,9.442857143,2.7,4.5,0.6875,6.2125,4.1875,10.42222222,2.944444444,5.855555556,10.24545455,3.990909091,7.372727273,7.463636364,1.081818182,5.154545455,6.909090909,7.245454546,8.281818182,5.709090909,1.518181818,10.63636364,2.363636364,3.409090909,1.527272727,4.254545455,7.054545455
17-May,3.433333333,12.9,8.966666667,17.95,4.3,9.685714286,6.114285714,8.985714286,2.557142857,4.05,0.6375,5.4375,3.625,9.633333333,2.733333333,5.477777778,10.15454545,3.754545455,7.118181818,6.872727273,1.018181818,4.345454546,6.654545455,7.263636364,8.209090909,5.327272727,1.463636364,10.12727273,2.118181818,3.018181818,1.436363636,3.927272727,6.809090909
18-May,3.266666667,12.68333333,8.15,18.5,4.085714286,9,5.828571429,8.6,2.714285714,3.925,0.6,4.8125,3.3375,9.077777778,2.611111111,5.266666667,9.754545455,3.454545455,6.509090909,6.609090909,0.927272727,3.7,6.3,7.118181818,8.3,5.127272727,1.436363636,9.981818182,1.827272727,3.3,1.345454546,3.563636364,6.281818182
19-May,2.966666667,12.35,7.45,18.36666667,3.928571429,8.457142857,5.471428571,7.985714286,2.928571429,3.6375,0.4875,4.625,3,8.355555556,2.488888889,4.877777778,9.145454546,3.109090909,6.1,6.572727273,0.863636364,3.445454546,5.845454546,7.627272727,8.254545455,5.481818182,1.418181818,10.04545455,1.627272727,3.927272727,1.263636364,3.472727273,5.963636364
20-May,2.766666667,11.93333333,6.9,18,3.671428571,7.971428571,5,7.4,2.7,3.6,0.4125,4.0625,2.7,7.433333333,2.388888889,4.577777778,8.381818182,2.763636364,5.890909091,6.781818182,0.827272727,3.345454546,5.2,8.009090909,8.045454546,5.563636364,1.454545455,9.954545455,1.563636364,3.681818182,1.172727273,3.427272727,5.563636364
21-May,2.566666667,11.26666667,6.15,17.68333333,3.557142857,7.557142857,4.657142857,6.714285714,2.542857143,3.5375,0.3375,3.9375,2.4375,6.7,2.288888889,4.344444444,7.590909091,2.545454546,5.345454546,6.818181818,0.763636364,3.372727273,4.636363636,7.6,7.563636364,5.318181818,1.445454546,10.21818182,1.554545455,3.045454546,1.463636364,3.227272727,4.863636364
22-May,2.333333333,10.38333333,5.383333333,17.16666667,3.628571429,7.257142857,4.314285714,6.185714286,2.371428571,3.45,0.275,3.55,2.2125,5.944444444,2.133333333,4.044444444,6.927272727,2.581818182,4.727272727,6.890909091,0.681818182,3.063636364,4.3,7.636363636,6.772727273,5,1.372727273,10.58181818,1.536363636,2.636363636,2.009090909,3.009090909,4.827272727
23-May,2.45,10.26666667,4.966666667,16.73333333,3.828571429,7.057142857,4,5.657142857,2.185714286,3.2375,0.225,3.2125,2.05,4.966666667,2.066666667,4.166666667,6.963636364,2.336363636,4.045454546,6.745454546,0.581818182,2.672727273,4.036363636,7.572727273,6.072727273,4.954545455,1.336363636,10.59090909,1.472727273,2.272727273,2.172727273,2.818181818,4.563636364
24-May,2.433333333,9.533333333,4.233333333,16.6,3.771428571,6.785714286,3.557142857,5.085714286,1.985714286,2.925,0.1875,2.8,1.825,4.055555556,2.088888889,4.244444444,7.1,2.245454546,3.545454546,6.572727273,0.572727273,2.281818182,3.654545455,7.5,5.754545455,4.718181818,1.3,10.62727273,1.454545455,1.927272727,2.272727273,2.572727273,4.090909091
25-May,2.4,8.966666667,3.866666667,16.6,3.728571429,6.6,3.414285714,4.542857143,1.871428571,2.775,0.25,2.5375,1.5625,3.322222222,2,4.177777778,7.081818182,2.072727273,3.372727273,6.463636364,0.572727273,1.872727273,3.490909091,7.481818182,5.227272727,3.990909091,1.218181818,10.4,1.481818182,1.572727273,2.645454546,2.472727273,3.818181818
26-May,2.25,8.183333333,3.8,16.53333333,3.714285714,6.471428571,3.185714286,4.628571429,1.785714286,2.4625,0.2125,2.425,1.425,2.944444444,1.888888889,4.033333333,6.618181818,1.981818182,2.927272727,6.154545455,0.509090909,1.645454546,3.4,7.509090909,4.727272727,3.690909091,1.145454546,9.954545455,1.490909091,1.336363636,2.245454546,2.072727273,3.463636364
27-May,2.183333333,7.683333333,3.666666667,16.25,3.957142857,6.428571429,2.785714286,4.471428571,1.785714286,2.1875,0.125,2.1375,1.225,2.588888889,1.822222222,3.833333333,6.218181818,2.2,2.545454546,5.536363636,0.4,1.454545455,3.018181818,7.281818182,4.672727273,3.345454546,1.109090909,9.590909091,1.454545455,1.263636364,2.009090909,1.918181818,3.3
28-May,2.083333333,7.2,3.283333333,16.11666667,3.785714286,6.257142857,2.528571429,4.428571429,1.671428571,2.025,0.025,1.8875,1.0375,2.377777778,1.755555556,3.544444444,5.654545455,2.1,2.054545455,4.890909091,0.363636364,1.309090909,2.572727273,6.963636364,4.754545455,3.181818182,1.054545455,9.254545455,1.409090909,1.145454546,1.745454546,1.845454546,2.9
29-May,2,6.716666667,3.15,16.25,3.685714286,5.971428571,2.214285714,4.214285714,1.5,1.8875,0,1.6875,0.8625,2.166666667,1.7,3.255555556,5.236363636,1.963636364,1.536363636,4.336363636,0.281818182,1.254545455,2.272727273,6.681818182,4.472727273,2.681818182,1.027272727,9,1.336363636,1.027272727,1.472727273,1.645454546,2.572727273
30-May,1.966666667,6.233333333,2.683333333,16.58333333,3.614285714,5.8,1.985714286,4,1.314285714,1.7875,0,1.525,0.825,2,1.744444444,3.011111111,4.763636364,1.618181818,1.145454546,3.936363636,0.209090909,1.227272727,2.090909091,6.327272727,4.209090909,2.345454546,1,8.981818182,1.245454546,0.954545455,1.372727273,1.409090909,2.409090909
31-May,2,5.616666667,2.05,16.76666667,3.585714286,5.542857143,1.842857143,3.742857143,1.142857143,1.6625,0,1.4,0.8125,1.055555556,1.655555556,2.8,4.290909091,1.390909091,0.981818182,3.781818182,0.127272727,1.227272727,2.036363636,5.718181818,3.918181818,2.063636364,0.936363636,8.6,1.154545455,0.936363636,1.3,1.281818182,2.2
1-Jun,1.85,4.95,1.65,16.7,3.442857143,5.285714286,1.742857143,3.428571429,0.957142857,1.5375,0,1.2875,0.8125,1.022222222,1.6,2.388888889,3.745454546,1.318181818,0.827272727,3.463636364,0.090909091,1.227272727,1.881818182,5.181818182,3.427272727,1.981818182,0.854545455,7.9,1.072727273,0.990909091,1.218181818,1.218181818,2.045454546
2-Jun,1.733333333,4.266666667,1.516666667,16.56666667,3.285714286,4.9,1.614285714,3.042857143,0.8,1.3875,0,1.275,0.7,0.955555556,1.477777778,2.066666667,3.218181818,1.3,0.709090909,3.190909091,0.045454546,1.2,1.781818182,4.627272727,3.009090909,1.872727273,0.772727273,7.381818182,1,0.890909091,1.2,1.181818182,1.845454546
3-Jun,1.583333333,3.916666667,1.233333333,16.31666667,3.157142857,4.385714286,1.471428571,2.757142857,0.657142857,1.225,0,1.1625,0.6125,0.9,1.366666667,1.688888889,2.854545455,1.281818182,0.645454546,2.854545455,0.036363636,1.1,1.645454546,3.890909091,2.481818182,1.754545455,0.672727273,6.972727273,0.918181818,0.8,1.127272727,1.2,1.690909091
4-Jun,1.5,3.766666667,0.833333333,16.05,3,3.871428571,1.357142857,2.457142857,0.385714286,0.9375,0,1.05,0.5125,0.855555556,1.222222222,1.533333333,2.554545455,1.181818182,0.572727273,2.472727273,0.009090909,1.036363636,1.545454546,3.218181818,2.018181818,1.645454546,0.645454546,6.6,0.854545455,0.709090909,1.045454546,1.136363636,1.581818182
5-Jun,1.416666667,3.466666667,0.583333333,15.7,2.871428571,3.385714286,1.328571429,2.271428571,0.257142857,0.6875,0,0.975,0.4,0.9,1.066666667,1.355555556,2.381818182,1.081818182,0.436363636,2.236363636,0.009090909,0.954545455,1.463636364,2.554545455,1.563636364,1.5,0.536363636,6.154545455,0.790909091,0.581818182,0.954545455,1.090909091,1.481818182
6-Jun,1.333333333,3.216666667,0.333333333,14.86666667,2.714285714,3.014285714,1.4,2.185714286,0.157142857,0.35,0,0.975,0.2625,0.833333333,0.922222222,1.177777778,2.481818182,0.990909091,0.318181818,2.009090909,0.009090909,0.845454546,1.372727273,2.218181818,1.181818182,1.427272727,0.454545455,5.763636364,0.690909091,0.490909091,0.863636364,1.054545455,1.390909091
7-Jun,1.25,3.166666667,0.166666667,14.2,2.585714286,2.8,1.342857143,2.114285714,0.071428571,0.2,0,0.9625,0.15,0.744444444,0.733333333,1.033333333,2.145454546,0.9,0.163636364,1.818181818,0,0.745454546,1.3,1.954545455,1.054545455,1.427272727,0.354545455,5.018181818,0.609090909,0.427272727,0.8,0.954545455,1.272727273
8-Jun,1.166666667,3.166666667,0.083333333,13.66666667,2.428571429,2.628571429,1.242857143,1.9,0,0.125,0,0.9125,0.075,0.666666667,0.611111111,0.977777778,1.881818182,0.890909091,0.090909091,1.781818182,0,0.663636364,1.218181818,1.727272727,0.936363636,1.372727273,0.227272727,4.472727273,0.518181818,0.327272727,0.718181818,0.909090909,1.172727273
9-Jun,1.166666667,3.1,0,13.3,2.285714286,2.571428571,1.142857143,1.757142857,0,0.075,0,0.8,0.0375,0.566666667,0.5,0.944444444,1.745454546,0.818181818,0.054545455,1.690909091,0,0.545454546,1.245454546,1.454545455,0.836363636,1.3,0.145454546,3.709090909,0.481818182,0.209090909,0.609090909,0.845454546,1.090909091
10-Jun,1.166666667,3.033333333,0,12.95,2.142857143,2.471428571,1,1.628571429,0,0.05,0,0.6625,0.025,0.544444444,0,0.833333333,1.509090909,0.790909091,0,1.6,0,0.418181818,1.163636364,1.318181818,0.745454546,1.227272727,0.1,3.436363636,0.563636364,0.136363636,0.436363636,0.8,1
11-Jun,1.166666667,2.983333333,0,12.6,2,2.428571429,0.9,1.542857143,0,0.025,0,0.525,0,0.544444444,0,0.711111111,1.309090909,0.690909091,0,1.527272727,0,0.290909091,1.072727273,1.218181818,0.627272727,1.136363636,0.063636364,3.118181818,0.481818182,0.081818182,0.3,0.763636364,0.954545455
12-Jun,1.083333333,2.916666667,0,11.86666667,1.857142857,2.285714286,0.785714286,1.442857143,0,0.0125,0,0.3625,0,0.522222222,0,0.633333333,1.290909091,0.627272727,0.018181818,1.463636364,0,0.172727273,1.027272727,1.127272727,0.527272727,1.063636364,0.045454546,2.745454546,0.372727273,0.045454546,0.181818182,0.690909091,0.94
13-Jun,1.083333333,2.766666667,0,11.08333333,1.714285714,2.157142857,0.642857143,1.328571429,0,0.025,0,0.3125,0,0.622222222,0,0.544444444,1.263636364,0.554545455,0,1.372727273,0,0.1,0.954545455,1.036363636,0.454545455,0.990909091,0.018181818,2.436363636,0.281818182,0.027272727,0.118181818,0.654545455,0.911111111
14-Jun,1.083333333,2.666666667,0,10.23333333,1.571428571,2,0.571428571,1.114285714,0,0.0375,0,0.2625,0,0.588888889,0,0.4,1.163636364,0.436363636,0,1.309090909,0,0,0.845454546,0.954545455,0.363636364,0.963636364,0,2.172727273,0.209090909,0.009090909,0.063636364,0.627272727,1.7
15-Jun,1.083333333,2.516666667,0,9.35,1.428571429,1.857142857,0.642857143,0.9,0,0.0375,0,0.125,0,0.444444444,0,0.222222222,1.009090909,0.354545455,0,1.236363636,0,0,0.809090909,0.881818182,0.281818182,0.881818182,0,1.945454546,0.136363636,0,0.027272727,0.572727273,
16-Jun,0.883333333,2.316666667,0,8.683333333,1.285714286,1.857142857,0.571428571,0.871428571,0,0,0,0.0625,0,0.322222222,0,0.055555556,0.845454546,0.3,0,1.127272727,0,0,0.745454546,0.772727273,0.163636364,0.781818182,0,1.818181818,0.1,0,0.018181818,0.509090909,
17-Jun,0.816666667,2.166666667,0,7.916666667,1.142857143,1.714285714,0.5,0.771428571,0,0,0,0.0375,0,0.211111111,0,0.066666667,0.718181818,0.236363636,0,1.036363636,0,0,0.6,0.663636364,0.1,0.663636364,0,1.654545455,0.072727273,0,0.01,0.509090909,
18-Jun,0.6,2.1,0,7.566666667,1,1.642857143,0.428571429,0.628571429,0,0,0,0,0,0.133333333,0,0,0.627272727,0.163636364,0,1,0,0,0.5,0.527272727,0.072727273,0.545454546,0,1.590909091,0.036363636,0,0,0.509090909,
19-Jun,0.366666667,2.033333333,0,6.75,0.928571429,1.442857143,0.357142857,0.457142857,0,0,0,0,0,0.077777778,0,0,0.490909091,0.1,0,0.909090909,0,0,0.427272727,0.4,0.036363636,0.390909091,0,1.545454546,0.036363636,0,0,0.436363636,
20-Jun,0.233333333,1.966666667,0,5.833333333,0.857142857,1.157142857,0.214285714,0.3,0,0,0,0,0,0,0,0,0.363636364,0.072727273,0,0.872727273,0,0,0.263636364,0.245454546,0,0.254545455,0,1.445454546,0.027272727,0,0,0.309090909,
21-Jun,0.133333333,1.85,0,5,0.814285714,0.728571429,0.114285714,0.142857143,0,0,0,0,0,0,0,0,0.2,0.054545455,0,0.9,0,0,0.136363636,0.118181818,0,0.127272727,0,1.345454546,0.009090909,0,0,0.2,
22-Jun,0.016666667,1.716666667,0,4.366666667,0.714285714,0.728571429,0,0.128571429,0,0,0,0,0,0,0,0,0.1,0.018181818,0,0.8,0,0,0.1,0.063636364,0,0.072727273,0,1.272727273,0,0,0,0.136363636,
23-Jun,0,1.6,0,3.5,0.657142857,0.314285714,0,0,0,0,0,0,0,0,0,0,0.081818182,0,0,0.672727273,0,0,0.081818182,0.027272727,0,0.045454546,0,1.318181818,0,0,0,0.081818182,
24-Jun,0,1.5,0,3.1,0.371428571,0.214285714,0,0,0,0,0,0,0,0,0,0,0.063636364,0,0,0.536363636,0,0,0.054545455,0,0,0,0,1.3,0,0,0,0.045454546,
25-Jun,0,1.383333333,0,2.666666667,0.128571429,0.128571429,0,0,0,0,0,0,0,0,0,0,0.036363636,0,0,0.363636364,0,0,0.018181818,0,0,0,0,1.263636364,0,0,0,0.018181818,
26-Jun,0,1.283333333,0,2.083333333,0.042857143,0.028571429,0,0,0,0,0,0,0,0,0,0,0.036363636,0,0,0.190909091,0,0,0,0,0,0,0,1.181818182,0,0,0,0,
27-Jun,0,1.15,0,1.85,0,0,0,0,0,0,0,0,0,0,0,0,0,0,0,0.090909091,0,0,0,0,0,0,0,1.090909091,0,0,0,0,
28-Jun,0,1.016666667,0,1.55,0,0,0,0,0,0,0,0,0,0,0,0,0,0,0,0.054545455,0,0,0,0,0,0,0,0.963636364,0,0,0,0,
29-Jun,0,0.683333333,0,1.1,0,0,0,0,0,0,0,0,0,0,0,0,0,0,0,0.036363636,0,0,0,0,0,0,0,0.827272727,0,0,0,0,
30-Jun,0,0.333333333,0,0.866666667,0,0,0,0,0,0,0,0,0,0,0,0,0,0,0,0,0,0,0,0,0,0,0,0.672727273,0,0,0,0,
1-Jul,0,0.166666667,0,0.666666667,0,0,0,0,0,0,0,0,0,0,0,0,0,0,0,0,0,0,0,0,0,0,0,0.554545455,0,0,0,0,
2-Jul,0,0,0,0.55,0,0,0,0,0,0,0,0,0,0,0,0,0,0,0,0,0,0,0,0,0,0,0,0.427272727,0,0,0,0,
3-Jul,0,0,0,0.433333333,0,0,0,0,0,0,0,0,0,0,0,0,0,0,0,0,0,0,0,0,0,0,0,0.290909091,0,0,0,0,
4-Jul,0,0,0,0.5,0,0,0,0,0,0,0,0,0,0,0,0,0,0,0,0,0,0,0,0,0,0,0,0.181818182,0,0,0,0,
5-Jul,0,0,0,0.45,0,0,0,0,0,0,0,0,0,0,0,0,0,0,0,0,0,0,0,0,0,0,0,0.136363636,0,0,0,0,
6-Jul,0,0,0,0,0,0,0,0,0,0,0,0,0,0,0,0,0,0,0,0,0,0,0,0,0,0,0,0.090909091,0,0,0,0,
7-Jul,0,0,0,0,0,0,0,0,0,0,0,0,0,0,0,0,0,0,0,0,0,0,0,0,0,0,0,0.063636364,0,0,0,0,
8-Jul,0,0,0,0,0,0,0,0,0,0,0,0,0,0,0,0,0,0,0,0,0,0,0,0,0,0,0,0.045454546,0,0,0,0,
9-Jul,0,0,0,0,0,0,0,0,0,0,0,0,0,0,0,0,0,0,0,0,0,0,0,0,0,0,0,0.027272727,0,0,0,0,
10-Jul,0,0,0,0,0,0,0,0,0,0,0,0,0,0,0,0,0,0,0,0,0,0,0,0,0,0,0,0,0,0,0,0,
11-Jul,0,0,0,0,0,0,0,0,0,0,0,0,0,0,0,0,0,0,0,0,0,0,0,0,0,0,0,0,0,0,0,0,
12-Jul,0,0,0,0,0,0,0,0,0,0,0,0,0,0,0,0,0,0,0,0,0,0,0,0,0,0,0,0,0,0,0,0,
13-Jul,0,0,0,0,0,0,0,0,0,0,0,0,0,0,0,0,0,0,0,0,0,0,0,0,0,0,0,0,0,0,0,0,
14-Jul,0,0,0,0,0,0,0,0,0,0,0,0,0,0,0,0,0,0,0,0,0,0,0,0,0,0,0,0,0,0,0,0,
15-Jul,0,0,0,0,0,0,0,0,0,0,0,0,0,0,0,0,0,0,0,0,0,0,0,0,0,0,0,0,0,0,0,0,
16-Jul,0,0,0,0,0,0,0,0,0,0,0,0,0,0,0,0,0,0,0,0,0,0,0,0,0,0,0,0,0,0,0,0,
17-Jul,0,0,0,0,0,0,0,0,0,0,0,0,0,0,0,0,0,0,0,0,0,0,0,0,0,0,0,0,0,0,0,0,
18-Jul,0,0,0,0,0,0,0,0,0,0,0,0,0,0,0,0,0,0,0,0,0,0,0,0,0,0,0,0,0,0,0,0,
19-Jul,0,0,0,0,0,0,0,0,0,0,0,0,0,0,0,0,0,0,0,0,0,0,0,0,0,0,0,0,0,0,0,0,
20-Jul,0,0,0,0,0,0,0,0,0,0,0,0,0,0,0,0,0,0,0,0,0,0,0,0,0,0,0,0,0,0,0,0,
21-Jul,0,0,0,0,0,0,0,0,0,0,0,0,0,0,0,0,0,0,0,0,0,0,0,0,0,0,0,0,0,0,0,0,
22-Jul,0,0,0,0,0,0,0,0,0,0,0,0,0,0,0,0,0,0,0,0,0,0,0,0,0,0,0,0,0,0,0,0,
23-Jul,0,0,0,0,0,0,0,0,0,0,0,0,0,0,0,0,0,0,0,0,0,0,0,0,0,0,0,0,0,0,0,0,
24-Jul,0,0,0,0,0,0,0,0,0,0,0,0,0,0,0,0,0,0,0,0,0,0,0,0,0,0,0,0,0,0,0,0,
25-Jul,0,0,0,0,0,0,0,0,0,0,0,0,0,0,0,0,0,0,0,0,0,0,0,0,0,0,0,0,0,0,0,0,
26-Jul,0,0,0,0,0,0,0,0,0,0,0,0,0,0,0,0,0,0,0,0,0,0,0,0,0,0,0,0,0,0,0,0,
27-Jul,0,0,0,0,0,0,0,0,0,0,0,0,0.0125,0,0,0,0,0,0,0,0,0,0,0,0,0,0,0,0,0,0,0,
28-Jul,0,0,0,0,0,0,0,0,0,0,0,0,0,0,0,0,0,0,0,0,0,0,0,0,0,0,0,0,0,0,0,0,
29-Jul,0,0,0,0,0,0,0,0,0,0,0,0,0,0,0,0,0,0,0,0,0,0,0,0,0,0,0,0,0,0,0,0,
30-Jul,0,0,0,0,0,0,0,0,0,0,0,0,0,0,0,0,0,0,0,0,0,0,0,0,0,0,0,0,0,0,0,0,
31-Jul,0,0,0,0,0,0,0,0,0,0,0,0,0,0,0,0,0,0,0,0,0,0,0,0,0,0,0,0,0,0,0,0,
1-Aug,0,0,0,0,0,0,0,0,0,0,0,0,0,0,0,0,0,0,0,0,0,0,0,0,0,0,0,0,0,0,0,0,
2-Aug,0,0,0,0,0,0,0,0,0,0,0,0,0,0,0,0,0,0,0,0,0,0,0,0,0,0,0,0,0,0,0,0,
3-Aug,0,0,0,0,0,0,0,0,0,0,0,0,0,0,0,0,0,0,0,0,0,0,0,0,0,0,0,0,0,0,0,0,
4-Aug,0,0,0,0,0,0,0,0,0,0,0,0,0,0,0,0,0,0,0,0,0,0,0,0,0,0,0,0,0,0,0,0,
5-Aug,0,0,0,0,0,0,0,0,0,0,0,0,0,0,0,0,0,0,0,0,0,0,0,0,0,0,0,0,0,0,0,0,
6-Aug,0,0,0,0,0,0,0,0,0,0,0,0,0,0,0,0,0,0,0,0,0,0,0,0,0,0,0,0,0,0,0,0,
7-Aug,0,0,0,0,0,0,0,0,0,0,0,0,0,0,0,0,0,0,0,0,0,0,0,0,0,0,0,0,0,0,0,0,
8-Aug,0,0,0,0,0,0,0,0,0,0,0,0,0,0,0,0,0,0,0,0,0,0,0,0,0,0,0,0,0,0,0,0,
9-Aug,0,0,0,0,0,0,0,0,0,0,0,0,0,0,0,0,0,0,0,0,0,0,0,0,0,0,0,0,0,0,0,0,
10-Aug,0,0,0,0,0,0,0,0,0,0,0,0,0,0,0,0,0,0,0,0,0,0,0,0,0,0,0,0,0,0,0,0,
11-Aug,0,0,0,0,0,0,0,0,0,0,0,0,0,0,0,0,0,0,0,0,0,0,0,0,0,0,0,0,0,0,0,0,
12-Aug,0,0,0,0,0,0,0,0,0,0,0,0,0,0,0,0,0,0,0,0,0,0,0,0,0,0,0,0,0,0,0,0,
13-Aug,0,0,0,0,0,0,0,0,0,0,0,0,0,0,0,0,0,0,0,0,0,0,0,0,0,0,0,0,0,0,0,0,
14-Aug,0,0,0,0,0,0,0,0,0,0,0,0,0,0,0,0,0,0,0,0,0,0,0,0,0,0,0,0,0,0,0,0,
15-Aug,0,0,0,0,0,0,0,0,0,0,0,0,0,0,0,0,0,0,0,0,0,0,0,0,0,0,0,0,0,0,0,0,
16-Aug,0,0,0,0,0,0,0,0,0,0,0,0,0,0,0,0,0,0,0,0,0,0,0,0,0,0,0,0,0,0,0,0,
17-Aug,0,0,0,0,0,0,0,0,0,0,0,0,0,0,0,0,0,0,0,0,0,0,0,0,0,0,0,0,0,0,0,0,
18-Aug,0,0,0,0,0,0,0,0,0,0,0,0,0,0,0,0,0,0,0,0,0,0,0,0,0,0,0,0,0,0,0,0,
19-Aug,0,0,0,0,0,0,0,0,0,0,0,0,0.0125,0,0,0,0,0,0,0,0,0,0,0,0,0,0,0,0,0,0,0,
20-Aug,0,0,0,0,0,0,0,0,0,0,0,0,0,0,0,0,0,0,0,0,0,0,0,0,0,0,0,0,0,0,0,0,
21-Aug,0,0,0,0,0,0,0,0,0,0,0,0,0,0,0,0,0,0,0,0,0,0,0,0,0,0,0,0,0,0,0,0,
22-Aug,0,0,0,0,0,0,0,0,0,0,0,0,0,0,0,0,0,0,0,0,0,0,0,0,0,0,0,0,0,0,0,0,
23-Aug,0,0,0,0,0,0,0,0,0,0,0,0,0,0,0,0,0,0,0,0,0,0,0,0,0,0,0,0,0,0,0,0,
24-Aug,0,0,0,0,0,0,0,0,0,0,0,0,0,0,0,0,0,0,0,0,0,0,0,0,0,0,0,0,0,0,0,0,
25-Aug,0.083333333,0,0,0,0,0,0,0,0,0,0,0,0,0,0,0,0,0,0,0,0,0,0,0,0,0,0,0,0,0,0,0,
26-Aug,0.033333333,0,0,0,0,0,0,0,0,0,0,0,0,0,0,0,0,0,0,0,0,0,0,0,0,0,0,0,0,0,0,0,
27-Aug,0,0,0,0,0,0,0,0,0,0,0,0,0,0,0,0,0,0,0,0,0,0,0,0,0,0,0,0,0,0,0,0,
28-Aug,0,0,0,0,0,0,0,0,0,0,0,0,0,0,0,0,0,0,0,0,0,0,0,0,0,0,0,0,0,0,0,0,
29-Aug,0,0,0,0,0,0,0,0,0,0,0,0,0,0,0,0,0,0,0,0,0,0,0,0,0,0,0,0,0,0,0,0,
30-Aug,0,0,0,0,0,0,0,0,0,0,0,0,0,0,0,0,0,0,0,0,0,0,0,0,0,0,0,0,0,0,0,0,
31-Aug,0,0,0,0,0,0,0,0,0,0,0,0,0,0,0,0,0,0,0,0,0,0,0,0,0,0,0,0,0,0,0,0,
1-Sep,0,0,0,0,0,0,0,0,0,0,0,0,0,0,0,0,0,0,0,0,0,0,0,0,0,0,0,0,0,0,0,0,
2-Sep,0,0,0,0,0,0,0,0,0,0,0,0,0,0,0,0,0,0,0,0,0,0,0,0,0,0,0,0,0,0,0.009090909,0,
3-Sep,0,0,0,0,0,0,0,0,0,0,0,0,0,0,0,0,0,0,0,0,0,0,0,0,0,0,0,0,0,0,0,0,
4-Sep,0,0,0,0,0,0,0,0,0,0,0,0,0,0,0,0,0,0,0,0,0,0,0,0,0,0,0,0,0,0,0.009090909,0,
5-Sep,0,0,0,0,0,0,0,0,0,0,0,0,0,0,0,0,0,0,0,0,0,0,0,0,0,0,0,0,0,0,0,0,
6-Sep,0,0,0,0,0,0,0,0,0,0.05,0,0,0,0,0,0,0,0,0,0,0,0,0,0,0,0,0,0,0,0,0,0,
7-Sep,0,0,0,0,0,0,0,0,0,0.05,0,0,0,0,0,0,0,0,0,0,0,0,0,0,0,0,0,0,0,0,0,0,
8-Sep,0,0,0,0,0,0,0,0,0,0.05,0,0,0,0,0,0,0,0,0,0,0,0,0,0,0,0,0,0,0,0,0,0,
9-Sep,0,0,0,0,0,0,0,0,0,0.025,0,0,0,0,0,0,0,0,0,0,0,0,0,0,0,0,0,0,0.881818182,0,0,0,
10-Sep,0,0,0,0,0,0,0,0,0,0,0,0,0,0,0,0,0,0,0,0,0,0,0,0,0,0,0,0,1.127272727,0,0,0,
11-Sep,0,0,0,0,0,0,0,0,0,0,0,0,0,0,0,0,0,0,0,0,0,0,0,0,0,0,0,0,1.045454546,0,0,0,
12-Sep,0,0,0,0,0,0,0,0,0,0,0,0,0,0,0,0,0,0,0,0,0,0,0,0,0,0,0,0,0.763636364,0,0,0,
13-Sep,0,0,0,0,0,0,0,0,0,0,0,0,0,0,0,0,0,0,0,0,0,0,0,0,0,0,0,0,0.454545455,0,0,0,
14-Sep,0,0.166666667,0,0,0,0,0,0,0,0,0,0,0,0,0,0,0,0,0,0,0,0,0,0,0,0,0,0,0.290909091,0,0,0,
15-Sep,0,0.15,0,0,0,0,0,0,0,0,0,0,0,0,0,0,0,0,0,0,0,0,0,0,0,0,0,0,0.190909091,0,0,0,
16-Sep,0,0.1,0,0,0.028571429,0,0,0,0,0,0,0,0,0,0,0,0,0,0,0,0,0,0,0,0,0,0,0,0.090909091,0,0,0,
17-Sep,0,0.05,0,0,0.085714286,0,0,0,0,0,0,0,0,0,0,0,0,0,0,0,0,0,0,0,0.009090909,0,0,0,0.036363636,0,0,0,
18-Sep,0,0.033333333,0,0,0.185714286,0,0,0,0,0,0.0625,0,0,0,0,0,0,0,0,0,0,0,0,0,0.009090909,0,0,0,0.036363636,0,0,0,
19-Sep,0,0,0,0,0.371428571,0,0,0.042857143,0,0,0.5125,0,0,0,0,0,0,0,0,0,0,0,0,0,0,0,0,0,0.036363636,0,0,0,
20-Sep,0,0,0,0,0.314285714,0,0,0.114285714,0,0,0.375,0,0,0,0.022222222,0,0,0,0,0,0,0,0,0,0,0,0,0,0.018181818,0,0,0,
21-Sep,0,0,0,0.016666667,0.271428571,0.028571429,0,0.014285714,0,0,0.25,0,0,0,0.277777778,0,0,0.018181818,0,0,0,0,0,0,0,0,0,0,0.009090909,0,0,0,
22-Sep,0.05,0,0,0.116666667,0.228571429,0.028571429,0,0,0.057142857,0,0.2,0,0.025,0,0.533333333,0,0,0.109090909,0,0,0,0,0,0,0,0,0,0,0.009090909,0,0,0,
23-Sep,0,0,0,0.05,0.157142857,0.028571429,0,0,0.028571429,0,0.1,0,0.05,0,1.022222222,0,0,0.145454546,0,0,0,0.145454546,0,0,0,0,0,0,0.009090909,0,0,0,
24-Sep,0,0,0,0.016666667,0.157142857,0.014285714,0,0,0.1,0,0.075,0,0.0375,0,1.066666667,0,0,0.236363636,0,0,0,0.145454546,0,0,0.045454546,0.036363636,0,0,0.009090909,0,0,0,
25-Sep,0,0,0,0.216666667,0.157142857,0,0,0,0.114285714,0,0.05,0,0.05,0,0.733333333,0,0,0.209090909,0,0,0,0.045454546,0,0,0.036363636,0.027272727,0,0,0.009090909,0,0,0,
26-Sep,0,0,0,0.133333333,0.142857143,0,0,0,0.071428571,0,0.025,0,0.05,0,0.488888889,0,0,0.2,0,0,0.018181818,0,0,0,0,0,0,0,0.009090909,0,0,0,
27-Sep,0,0,0,0.033333333,0.242857143,0,0,0,0.028571429,0,0.025,0,0.05,0,0.3,0,0,0.172727273,0,0,0,0,0,0,0,0.036363636,0,0,0.009090909,0,0,0,
28-Sep,0,0,0,0.033333333,0.185714286,0,0,0,0,0,0.05,0,0.05,0,0.144444444,0,0,0.118181818,0,0,0,0.072727273,0,0,0,0.354545455,0,0,0,0,0.009090909,0,
29-Sep,0,0,0,0.033333333,0.157142857,0,0,0,0,0,0.025,0,0.025,0,0.133333333,0,0,0.036363636,0,0,0,0.045454546,0,0,0,0.290909091,0,0,0,0,0,0,
30-Sep,0,0,0,0.15,0.1,0,0,0,0,0,0.0375,0,0,0,0.133333333,0,0,0.018181818,0,0,0,0.036363636,0.072727273,0,0,0.090909091,0,0,0,0,0,0,
